customer_id,name,email_id,phone_number,ssn_number,credit_score,city_id,date_of_birth,age
1000000,Ashley Gonzalez,leslie52@example.com,605288264,819178017.0,687,109,02/01/2012,12
1000001,Sandra Macias,luishughes@example.com,3316431342,929324163.0,691,104,18/06/2013,11
1000002,Nathaniel Smith,christopher32@example.net,1643198170,646179189.0,693,106,21/04/2009,15
1000003,Joseph Greene,travis49@example.org,9383195864,849879843.0,694,104,04/05/2008,16
1000004,Kevin Welch,anthony60@example.com,7639906452,568398704.0,775,114,05/01/2006,18
1000005,Francisco Stewart,brandon85@example.org,8732154551,691620287.0,788,106,17/06/2014,10
1000006,Lisa Williams,johnlittle@example.net,4312928563,349522605.0,688,116,28/02/2009,15
1000007,Donna Potter,zvega@example.com,1497698610,608693033.0,787,109,06/03/2006,18
1000008,Rachel Baxter,christopher86@example.org,789309810,9141352.0,713,120,11/08/2011,12
1000009,Lacey Hogan,elutz@example.net,5136377421,717174482.0,794,108,20/05/2014,10
1000010,Richard Cole,steven47@example.org,6859034272,745323987.0,698,104,28/04/2008,16
1000011,Patricia Cook,nhughes@example.com,5233488127,999604126.0,794,117,05/08/2013,10
1000012,William Jacobs,kevin26@example.net,7671424765,489009484.0,820,113,25/09/2005,18
1000013,Douglas Noble,mahoneylisa@example.com,6281395972,933916868.0,682,115,13/07/2009,14
1000014,Edward Phillips,ortizwilliam@example.com,8485648668,504417721.0,772,108,12/12/2013,10
1000015,Holly Erickson,jacobcrawford@example.com,9184780614,204266252.0,685,103,14/04/2011,13
1000016,Krystal Torres,emma83@example.org,9293581761,531725138.0,710,118,07/07/2012,11
1000017,Colin Henry,murilloelizabeth@example.com,2561335239,856213166.0,685,115,18/09/2011,12
1000018,Sharon Barnes,christopherreynolds@example.org,6978180779,768071951.0,689,103,26/06/2010,14
1000019,Jennifer Scott,johnmoreno@example.net,3926219626,621725924.0,690,119,06/01/2012,12
1000020,Jacob Miller,aaroncook@example.org,4076562173,6199282.0,713,105,27/06/2013,11
1000021,John Harmon,jaycummings@example.org,5464365235,674907035.0,694,115,05/05/2013,11
1000022,Alexandra Brown,jennifer08@example.com,4386698219,586440169.0,711,114,20/04/2010,14
1000023,Debbie Clark,ajames@example.org,9631783334,832362022.0,702,117,23/11/2010,13
1000024,Jesse Petty,agillespie@example.org,7133234413,523487290.0,777,102,30/05/2014,10
1000025,Jonathan Lindsey,bettycampbell@example.com,4379849650,589415991.0,718,112,02/11/2006,17
1000026,Scott Garcia,danny13@example.org,8694846403,960551030.0,707,111,01/07/2012,11
1000027,Harry Wells,ewilson@example.com,7226377672,194773059.0,691,104,01/11/2010,13
1000028,Mr. John Chen MD,samantha42@example.org,9041412433,300580070.0,686,116,14/07/2012,11
1000029,Michelle Holland,olivia79@example.com,6979360028,643780869.0,684,116,03/06/2009,15
1000030,Elizabeth Kidd,rwarren@example.com,2861693173,683715481.0,775,114,23/07/2005,18
1000031,Brian Bennett,pmoore@example.org,6391791057,961363900.0,699,112,08/01/2009,15
1000032,Brandy Huber,gescobar@example.org,4098248312,653715430.0,705,105,02/11/2007,16
1000033,Ryan Reed,jeremiah78@example.com,370424342,840504666.0,695,115,01/02/2009,15
1000034,Peter Rivera,anne31@example.net,709678042,353976984.0,693,116,10/09/2011,12
1000035,Joanna Clark,sandramorgan@example.org,9371530827,254706410.0,776,108,17/11/2013,10
1000036,Yesenia Price,xbutler@example.com,2171499711,,691,104,10/09/2007,16
1000037,Colleen Brennan,lbond@example.org,5258919708,251116100.0,694,117,25/06/2013,11
1000038,Susan Daniel,csantos@example.net,9537177986,427908942.0,815,112,04/12/2013,10
1000039,Ryan Jacobs,jsimon@example.org,3868111124,998435382.0,693,113,08/06/2011,13
1000040,Sarah Cook,matthew99@example.net,1808786618,707956504.0,697,110,16/01/2008,16
1000041,William Horton Jr.,yramirez@example.org,2054649505,864906073.0,719,112,14/05/2007,17
1000042,Brent Alvarado,david53@example.net,7265332913,27821111.0,683,109,03/08/2006,17
1000043,Andrew Osborne,bailey69@example.org,1861313964,994619594.0,712,108,01/07/2008,15
1000044,David Weeks,whitedebra@example.com,4687450493,125781820.0,798,117,30/03/2006,18
1000045,Sarah Buchanan,kayla33@example.com,4395247878,,680,109,14/12/2010,13
1000046,Sue Wilson DDS,lopezgina@example.net,2652577177,362656920.0,688,120,22/05/2012,12
1000047,Patricia Anderson,parkermelissa@example.com,8299170621,928816095.0,704,108,30/10/2009,14
1000048,Ethan Daniels,richardsonsteven@example.org,7453239823,340077783.0,711,103,19/02/2012,12
1000049,James Villa,amanda85@example.org,8343990407,718378689.0,714,112,01/07/2012,11
1000050,Eddie Martinez,chelsea57@example.net,26311074,824390970.0,701,112,14/03/2007,17
1000051,Derrick Hill,stephanie90@example.net,1283609762,333832527.0,682,109,05/03/2012,12
1000052,Brett Freeman,jonathan48@example.org,1039939128,773285140.0,694,103,23/08/2008,15
1000053,Kenneth Frye,olester@example.com,3523526814,255489100.0,704,119,03/10/2007,16
1000054,David Baldwin,megan30@example.org,5553137058,278549303.0,713,114,03/06/2009,15
1000055,Jason Long,ctaylor@example.org,9464802432,392216652.0,786,108,16/06/2006,18
1000056,Michael James,melindawood@example.com,463737871,473309863.0,709,119,07/08/2006,17
1000057,Sharon Morris,restrada@example.net,949104992,76150831.0,683,119,28/02/2009,15
1000058,Micheal Bowers,whitelisa@example.com,2354385092,,781,118,17/04/2014,10
1000059,James Brown,oscarstewart@example.com,8041444462,207153627.0,706,102,10/11/2007,16
1000060,Allison Reyes,fcisneros@example.net,1513916913,628311969.0,689,109,08/04/2008,16
1000061,Maria Harris,andersonchristopher@example.org,8686254879,313636559.0,692,104,30/08/2010,13
1000062,Kenneth Davis,tracyyoung@example.org,6719287804,963774063.0,720,113,06/11/2007,16
1000063,Mark Thompson,kgriffin@example.org,5850418512,792025607.0,687,108,15/11/2007,16
1000064,Michael Boone,ddickson@example.net,7098765586,883272576.0,683,117,17/01/2007,17
1000065,Mary Hayes,seanalvarado@example.org,9547727431,522670094.0,818,112,30/08/2013,10
1000066,Alicia Diaz,jenniferewing@example.com,1693120440,603997653.0,804,119,10/09/2005,18
1000067,Casey Stewart,qcobb@example.net,6647550726,478809137.0,805,105,17/11/2005,18
1000068,Amy Gonzales,wburke@example.net,9145596483,873108607.0,773,117,10/04/2006,18
1000069,Martin Novak,traviscalderon@example.net,2366181248,104301294.0,717,101,08/08/2006,17
1000070,Craig Chandler,mcdonaldmary@example.net,4576298345,315672701.0,795,114,13/10/2005,18
1000071,Adam Williams,jonesbrianna@example.com,654413591,830900029.0,692,113,16/04/2010,14
1000072,Veronica Garrison,wrightaaron@example.org,1763270149,712152229.0,712,120,21/03/2013,11
1000073,Amanda Walter,kimberly04@example.net,4184835069,773899659.0,681,104,04/01/2009,15
1000074,Ashley Herrera,smithsandra@example.com,8073018617,616451606.0,711,120,02/08/2008,15
1000075,Julia Evans,graydiane@example.net,2690217796,663292446.0,702,119,08/05/2010,14
1000076,Edward Anderson PhD,stokesjose@example.org,7783938117,150996720.0,720,106,03/05/2008,16
1000077,Joshua Williams,castroclinton@example.org,8525709585,794276917.0,791,102,23/12/2013,10
1000078,George Shepherd,hamiltonkyle@example.com,7303270419,909397754.0,712,118,08/03/2012,12
1000079,Michael Moore,brandonpatel@example.com,6993854461,83342962.0,706,115,19/03/2010,14
1000080,Melody Mitchell,michael84@example.net,8622700545,385784530.0,797,111,24/03/2014,10
1000081,Alisha Edwards,progers@example.org,2158238890,726681930.0,684,117,05/12/2009,14
1000082,Travis Howard,enelson@example.net,8319658675,594532686.0,704,108,08/03/2011,13
1000083,Christine Hall,richardtodd@example.com,8456408392,,702,101,26/01/2013,11
1000084,Michael Bailey,danielweaver@example.com,2190427175,424789860.0,716,119,13/07/2009,14
1000085,Nancy Stevenson,debbiethompson@example.com,847722354,496463667.0,707,107,05/09/2012,11
1000086,Rebecca Buckley,kentolsen@example.org,7971709485,299464900.0,820,111,26/05/2006,18
1000087,Elizabeth Olson,llawson@example.net,9262873111,421292384.0,715,104,20/03/2009,15
1000088,Linda Johnson,april28@example.com,1935648056,311213140.0,686,115,20/09/2006,17
1000089,Vanessa Franco,adriananderson@example.com,4239625190,208934497.0,815,114,21/10/2013,10
1000090,Debra Berry,watersjacob@example.org,8868508309,16926849.0,815,110,07/02/2014,10
1000091,Joshua Bender,williamsjohn@example.org,8990034379,152814732.0,712,116,30/07/2006,17
1000092,Wanda Martin,lozanosamantha@example.net,4235424239,441693995.0,686,110,24/11/2009,14
1000093,Samantha Munoz,gcastro@example.org,3770216447,517340180.0,686,114,19/03/2009,15
1000094,Peter Lynch,wbailey@example.org,9836272828,97120233.0,719,106,13/04/2013,11
1000095,Katie Villarreal,william39@example.com,6433761443,930335864.0,711,101,26/11/2009,14
1000096,Andrew Kelley,clarkshannon@example.net,6838642961,197141435.0,688,111,18/09/2012,11
1000097,Olivia Hall,johnsonjeremy@example.net,7308190953,388069623.0,773,118,29/01/2014,10
1000098,Amber Lawrence,joshuawheeler@example.com,6391095622,369757637.0,715,112,17/04/2008,16
1000099,Bethany Kemp,bhernandez@example.net,7111791104,720064444.0,697,111,29/04/2007,17
1000100,Tammy Johns,thomas74@example.net,1970005450,257778487.0,745,102,20/04/2003,21
1000101,Mark Sanchez,jperry@example.org,8663474101,778793855.0,716,109,31/05/2002,22
1000102,Terri Valencia,lindanguyen@example.net,6536031597,106966017.0,723,102,18/09/2001,22
1000103,Brittany Jones,freemansarah@example.net,1574450973,757712813.0,724,108,16/05/2005,19
1000104,Ryan Johnson,lthornton@example.org,9801058380,579752425.0,718,112,20/05/2004,20
1000105,Adam Medina,michellesawyer@example.org,9138294710,842476078.0,721,119,01/08/1999,24
1000106,Donald Harris,perkinsdaniel@example.com,4561668589,386497498.0,789,103,04/10/2005,18
1000107,Alexis Jones,stephanielittle@example.net,3592811928,996413960.0,817,116,10/05/2006,18
1000108,Jeffrey Moore,steven75@example.com,9687106175,173153877.0,710,106,03/10/1995,28
1000109,Francisco Rogers,brianjohnson@example.org,6620144779,839853573.0,736,103,27/08/1997,26
1000110,Kevin Thomas,jacobskatherine@example.net,6539198373,877574607.0,746,110,18/08/1999,24
1000111,Joshua Weber,wolfejeremy@example.net,7467274035,648950863.0,749,109,04/08/2003,20
1000112,Jason Serrano,veronicahayes@example.org,5311886865,33959209.0,710,114,22/07/1995,28
1000113,Jesse Ross,josephblanchard@example.net,6411129466,775059239.0,733,108,11/10/2000,23
1000114,Jesus Barrera,fowlerjennifer@example.org,5079689215,107605659.0,720,115,16/03/2003,21
1000115,Lisa Griffith,xmorris@example.org,7248932321,529589215.0,741,115,05/02/1997,27
1000116,Rebekah Hernandez,iwhite@example.net,3717754139,411538171.0,713,106,23/03/2002,22
1000117,Melanie Harris,wschwartz@example.org,359206729,414338858.0,746,105,15/07/2001,22
1000118,Bryan Brown,ucooper@example.net,3197302750,593507831.0,706,115,12/02/1996,28
1000119,Ryan Fernandez,williamsims@example.org,6551768535,195845045.0,741,112,11/01/1995,29
1000120,Destiny Wright,nancythomas@example.net,7442207713,623168303.0,705,104,13/05/1999,25
1000121,Jeremy Barry,nealautumn@example.net,5333370974,175314413.0,736,111,03/12/1996,27
1000122,Erik Johns,hchapman@example.org,7016910127,459661547.0,726,104,12/09/1999,24
1000123,Mariah Wood,ryanwilson@example.net,5245293662,977118160.0,740,105,01/01/1995,29
1000124,Jason Parker,troy96@example.net,1125151941,822443125.0,734,105,12/06/1995,29
1000125,Troy Gonzalez,georgegibson@example.net,3002968585,505559177.0,737,113,02/05/1998,26
1000126,Kristina Skinner,michellefisher@example.org,4226436625,380079785.0,731,108,23/06/2003,21
1000127,Ashley Thomas,daniellecampbell@example.net,8274069329,693034992.0,709,118,15/09/1996,27
1000128,Christian Gonzalez,christopher92@example.org,8937010166,602833031.0,718,120,26/12/2000,23
1000129,Margaret Ritter,rdoyle@example.com,2328178952,402853881.0,748,113,23/03/2003,21
1000130,Cynthia Hayes,baileykeith@example.net,48533976,301915380.0,745,111,29/12/2001,22
1000131,James Hernandez,zdavis@example.net,3198563145,16222425.0,713,104,09/10/1997,26
1000132,Bryan Anderson,john35@example.net,8062963800,37295642.0,713,107,12/01/2002,22
1000133,Andrea West,michael73@example.com,570506266,86024793.0,811,113,21/01/1994,30
1000134,Jennifer Walton,mendozakenneth@example.com,4447412035,135586501.0,710,119,14/04/2001,23
1000135,Joseph Mathews,kramerjohn@example.net,7933833414,177900547.0,734,108,09/03/1996,28
1000136,Jennifer Hayes PhD,hallbianca@example.net,7293900053,523830765.0,711,116,29/10/2000,23
1000137,Christopher Davis,wardkatherine@example.org,7858567166,181591115.0,787,115,21/09/2005,18
1000138,Melissa Alvarez,anthonyhall@example.org,2437939366,693912338.0,743,112,07/01/2005,19
1000139,Brandon Griffin,angelaallen@example.org,547235298,114387868.0,712,105,06/12/2000,23
1000140,Joseph Sullivan,roberto93@example.com,8001858434,235402331.0,728,112,20/12/2001,22
1000141,Ivan Williams,james49@example.org,627257895,747923147.0,712,114,20/05/1999,25
1000142,Jennifer Davis,strevino@example.org,1352662786,529197297.0,722,120,22/08/2004,19
1000143,Christian Peterson,cannonnicholas@example.net,520590562,52836496.0,812,110,19/06/1994,30
1000144,Robert Cook,youngpeter@example.org,1244976912,166233871.0,705,115,27/02/2003,21
1000145,Reginald Stephens,jgriffin@example.net,1237175579,415224643.0,749,119,01/03/1999,25
1000146,Douglas Walker,michaelbarber@example.com,2312934994,525020602.0,739,103,04/08/2000,23
1000147,Robert Graham,brianna80@example.com,870344916,213610204.0,741,105,20/05/2005,19
1000148,Jeremy Edwards,xturner@example.com,993393056,729113489.0,728,103,04/09/2003,20
1000149,Dr. Evelyn Schmidt MD,cramos@example.com,6638058777,254599365.0,721,108,18/03/2004,20
1000150,Cameron Wise,grantgabriel@example.com,1755801221,200490982.0,743,117,27/07/1996,27
1000151,Lisa Baker,fgriffin@example.com,8857230696,193422442.0,820,118,05/02/2006,18
1000152,Kevin Adams,ldixon@example.com,9409461186,39307765.0,733,111,21/09/2004,19
1000153,Amber Bell,francolauren@example.org,8931172166,585904985.0,730,116,02/11/2002,21
1000154,Ronnie Bishop,jeremiah29@example.net,6126538017,39188905.0,708,111,23/10/1997,26
1000155,Christina Klein,sgardner@example.net,4770745990,709364270.0,808,114,02/06/2006,18
1000156,Keith Duke,pmcknight@example.net,7266941789,,707,116,25/11/1999,24
1000157,Courtney Griffin,richardharris@example.net,1269141102,289207347.0,713,119,24/09/2002,21
1000158,Justin Warner,sullivankevin@example.net,5133034211,870342276.0,747,109,04/08/2000,23
1000159,Alexander Cervantes,matthew88@example.org,6344618556,27175165.0,733,109,17/01/1998,26
1000160,Kelly Hawkins,melanie84@example.com,6300996507,,724,102,09/12/2004,19
1000161,Andrew Roth,thomasbradford@example.org,7172702768,247103432.0,742,102,16/05/2004,20
1000162,Richard Mays Jr.,xhardy@example.net,1802141500,,743,104,09/12/1996,27
1000163,Christopher Brandt,matthew01@example.com,9790600089,410038203.0,710,116,20/01/2001,23
1000164,Zachary Gould,mmiller@example.com,1430246916,635491759.0,724,114,24/01/2000,24
1000165,Randall Gordon,icook@example.org,985354750,32062872.0,727,112,26/10/1996,27
1000166,Julia Ponce,martinveronica@example.com,565471534,570210276.0,701,115,28/02/2001,23
1000167,Cristina Jones,arthurhubbard@example.net,586647432,684028176.0,701,111,22/03/1998,26
1000168,Eric Evans,selenawallace@example.com,1734043037,958924965.0,700,120,19/11/2003,20
1000169,James Green,samanthaanderson@example.com,3038928700,972819258.0,788,112,27/08/2005,18
1000170,Taylor Herman,bwilson@example.net,8978362715,910863509.0,784,105,01/11/2005,18
1000171,Henry Marshall,bwood@example.org,6888383568,248154520.0,702,110,19/05/1999,25
1000172,Erin Daugherty,tonyasmith@example.net,6917385132,91584429.0,775,116,25/09/1993,30
1000173,Darryl Smith,tylerhall@example.com,6726162392,12429751.0,739,104,19/09/2001,22
1000174,Eric Gamble,audreywilliams@example.com,6256296264,419368645.0,748,116,14/09/1994,29
1000175,Michael Roberts,tcisneros@example.org,1840490675,603923671.0,788,119,16/11/1993,30
1000176,Jonathan Robinson,williamwebb@example.org,9726943036,137566087.0,727,113,09/10/1998,25
1000177,Jodi Black,mirandamedina@example.org,9601078504,408223823.0,801,114,22/11/1993,30
1000178,Carol Garcia,ross81@example.net,8365960759,681284783.0,721,106,27/10/1998,25
1000179,Brian Wilson,brittanygutierrez@example.com,2204931046,957634291.0,704,115,18/08/1996,27
1000180,Luke Oliver,harrelljimmy@example.net,9104201891,763687809.0,813,119,23/03/1994,30
1000181,Richard Campbell,smithdaniel@example.com,2542844076,534840624.0,733,105,26/11/2001,22
1000182,Erin Hill,millercarolyn@example.org,4432911406,781607289.0,707,120,15/10/1999,24
1000183,Angel Nichols,brandonosborne@example.org,1231064318,732934384.0,722,118,12/12/1999,24
1000184,Adam Mitchell,monicalopez@example.com,4768046818,674054050.0,745,102,12/01/1995,29
1000185,Isaiah Flores,diane34@example.com,6100656984,666754457.0,715,103,10/10/2000,23
1000186,Kenneth Parker,lwatson@example.com,1214133562,230365332.0,727,102,05/11/1997,26
1000187,Ernest Higgins,dcarter@example.com,1417326937,90656511.0,715,109,06/06/2004,20
1000188,Rodney Abbott,crobinson@example.net,7050057557,215904377.0,713,112,06/01/1999,25
1000189,Sandy Reeves,trevorwilson@example.org,1958534966,991111088.0,728,104,29/07/1998,25
1000190,Angela Rodriguez,rogersrebecca@example.org,6489275942,618378858.0,793,108,06/12/2005,18
1000191,Molly Holt,onelson@example.org,7808214959,144146027.0,739,109,09/02/1998,26
1000192,Christopher Alexander,wwhite@example.net,4699895240,803182780.0,739,109,30/08/2001,22
1000193,Mr. Jesse Carrillo,thomas95@example.com,1459685491,116557101.0,725,104,31/08/2001,22
1000194,Matthew Liu,gstevens@example.org,6692792604,945107968.0,742,101,05/05/2005,19
1000195,Brent Gibson,christina29@example.com,5358669120,715712196.0,748,113,06/04/2004,20
1000196,Courtney Lewis,keithbrown@example.org,5756464653,226492781.0,731,104,30/10/2003,20
1000197,Shelby Figueroa,fmeyers@example.org,3943248948,257039147.0,724,109,15/05/1995,29
1000198,Dale Morris,christianwood@example.com,7116005621,671144301.0,713,103,23/05/2004,20
1000199,Melinda Carter,jonescaroline@example.net,9622698336,55026078.0,727,118,26/05/2005,19
1000200,Beth Jenkins DDS,wrightgilbert@example.net,5623164222,604243139.0,745,109,03/04/2005,19
1000201,Kathryn Raymond,seannelson@example.org,2277625846,205191030.0,707,113,23/11/1997,26
1000202,Christian Harrell,priscilla67@example.org,9078380897,267274574.0,702,102,23/03/2001,23
1000203,Heather Mendez,gonzalesbrandon@example.com,3901901474,,726,119,13/01/2002,22
1000204,Kevin Davis,brittanycarlson@example.org,2819902479,746789716.0,706,111,29/07/2000,23
1000205,Christina Chang,williamfletcher@example.org,3632139693,275427518.0,790,118,20/07/1993,30
1000206,Edwin Montoya,jacksoncindy@example.net,7228464207,475038934.0,735,104,28/04/2004,20
1000207,Samantha Hill,ffernandez@example.com,641677478,86335559.0,705,116,16/02/2000,24
1000208,Jasmine Rodriguez,williamsmargaret@example.net,826229621,,736,114,31/12/1994,29
1000209,Jessica Sanchez,cliffordpalmer@example.org,581108207,90301100.0,709,120,01/02/1996,28
1000210,Maria Oconnor,kimberlydavis@example.net,5107446769,,718,102,28/11/2004,19
1000211,Timothy Moore,driley@example.net,9328061,248600913.0,707,105,13/08/1995,28
1000212,Jennifer Casey,bill47@example.com,4881891495,295034922.0,702,109,13/10/1996,27
1000213,Brent Kelly,kevinbradley@example.net,4573836715,958808256.0,720,118,18/05/2000,24
1000214,Katie Stewart,kristopherkramer@example.com,3241811081,108466851.0,740,120,26/07/2002,21
1000215,Caitlin Brown,dburke@example.com,9075196830,539498708.0,731,107,14/10/1997,26
1000216,Joshua Smith,waltercarter@example.com,5562440295,588936633.0,750,116,28/06/1996,27
1000217,John Schultz,watsoneric@example.com,3798933326,135981345.0,715,102,23/12/1996,27
1000218,Donna Burns,washingtonheather@example.org,1151361131,447256168.0,789,102,11/11/1993,30
1000219,Lindsey Myers,perezpeter@example.net,8396862068,927597146.0,708,115,04/10/1994,29
1000220,Wendy Wells,garciamarcia@example.com,1162707240,183627704.0,706,104,29/11/1999,24
1000221,Gilbert Wilson,hburke@example.net,5554872360,692076550.0,705,101,26/10/1994,29
1000222,Colin Stephenson,christianmcmillan@example.com,9724638321,234906314.0,750,106,08/01/1998,26
1000223,Daniel Griffin,sandersjennifer@example.net,4014825410,955256989.0,744,106,08/03/2000,24
1000224,Mary Smith,aaron37@example.org,3618400955,891791989.0,709,119,20/02/1999,25
1000225,Ian Henderson,ngonzalez@example.org,3953557202,460808035.0,710,117,04/04/2002,22
1000226,Ricky Moore,robert04@example.com,618611372,411702375.0,716,107,24/05/2001,23
1000227,Theodore Hale,hcarter@example.org,243207239,56517943.0,712,111,27/10/1995,28
1000228,Robert Curtis,kcaldwell@example.net,8154739573,822728540.0,746,107,18/03/2002,22
1000229,Bryan Saunders,amandalee@example.com,3654126056,103677633.0,727,109,19/01/2002,22
1000230,Melissa Watson DVM,gloversuzanne@example.net,6899886637,223371845.0,780,116,26/04/1994,30
1000231,Jennifer Frederick,pdrake@example.net,8552705651,161899636.0,743,106,26/02/2004,20
1000232,Elizabeth Barker,john04@example.net,1570190870,823266750.0,729,112,20/12/2001,22
1000233,Jake Hull,bvasquez@example.com,7039335269,444794237.0,739,116,30/09/1996,27
1000234,Chad Lopez,joshuabailey@example.com,3588816764,809672226.0,708,103,15/01/2005,19
1000235,Alyssa Bray,patriciaowens@example.com,8485986367,989630068.0,776,118,13/10/2005,18
1000236,Janice Freeman,steven88@example.com,9930404217,646041370.0,706,104,11/03/1997,27
1000237,Rose Phillips,courtneyferguson@example.net,6859639583,319980331.0,702,105,07/10/1995,28
1000238,Rebecca Greene,hgaines@example.com,9763484522,643235150.0,749,119,12/08/1997,26
1000239,Sandra Conrad,john53@example.com,568547284,946475496.0,820,109,02/07/1993,30
1000240,Nicholas Hicks,thompsontami@example.net,760488206,963405102.0,805,103,27/07/2005,18
1000241,Misty Smith,schmidtfrank@example.org,9075430334,181112751.0,737,108,02/07/1996,27
1000242,Jeffrey Walton,jamesnelson@example.org,2193282547,65597126.0,706,102,21/06/2004,20
1000243,Stephanie Holmes,coopermark@example.net,9838208369,,718,111,07/10/2003,20
1000244,Isabella Kirk,chris18@example.net,5773314662,599653528.0,745,115,19/02/1998,26
1000245,Jaime Beck,debra57@example.com,4100911634,284885355.0,749,112,14/03/2000,24
1000246,Bradley Garcia,melissa23@example.net,7880839552,983372909.0,704,103,26/02/1999,25
1000247,Gregory Le,brian10@example.net,1410697264,215042887.0,745,106,14/01/2000,24
1000248,Martin Foley,rowens@example.net,4563139469,988285935.0,740,112,02/09/2001,22
1000249,Marilyn Kramer,christopherpalmer@example.org,6412474326,692023747.0,715,108,25/02/2005,19
1000250,Donald Hayden,bharris@example.com,9890707532,437046011.0,731,119,27/10/2000,23
1000251,Kyle Wallace,robert42@example.net,9764268258,864179517.0,701,111,10/01/2003,21
1000252,Laurie Schmidt,robert30@example.net,6213820744,889760765.0,706,117,20/03/1995,29
1000253,Ellen Simpson,david31@example.net,9005020252,805922099.0,750,107,27/11/2000,23
1000254,Eduardo Russo,andre84@example.com,2800474468,249564612.0,745,107,21/05/2002,22
1000255,Christine Anderson,jasoncruz@example.com,5845040110,474130618.0,724,114,30/01/1998,26
1000256,Steven Miller,nancybaker@example.org,5379820380,125632008.0,750,104,22/08/2004,19
1000257,Jacob Mathews,robertchan@example.net,2856715854,307910718.0,735,111,15/11/1996,27
1000258,Andrew Kemp,kimberlygonzales@example.net,568711806,312309288.0,715,112,11/04/2004,20
1000259,Jessica Harris,jennifer08@example.org,5763191845,604845395.0,741,108,13/02/2005,19
1000260,Edwin Martin,evilla@example.com,2383804237,,712,110,26/01/1998,26
1000261,Christopher Horton,gabriela17@example.com,1749399631,598887719.0,719,114,03/03/2001,23
1000262,Michelle Mcguire,kmacdonald@example.org,9472981384,495319049.0,700,103,06/09/2004,19
1000263,Lisa Ramirez,carriehart@example.org,9022894887,439140955.0,738,116,13/01/2004,20
1000264,Joy Duncan,strongcurtis@example.net,8769741077,4335706.0,727,120,13/10/2004,19
1000265,Tami Scott,christinajohnson@example.com,5918827054,555539800.0,723,108,29/07/2004,19
1000266,Christopher Griffin,jallen@example.org,5674683861,639281045.0,715,108,09/10/2004,19
1000267,Gabriel Stephens,thomas90@example.org,6181386747,161124706.0,744,114,12/01/2001,23
1000268,Patricia Anderson,usanchez@example.org,431512954,50181285.0,725,109,27/08/2003,20
1000269,Sherry Trevino,mrandolph@example.com,9597248434,327353921.0,718,101,26/11/1994,29
1000270,Jeffrey Wolfe,robertcrane@example.com,1913960921,345137306.0,732,119,17/11/1995,28
1000271,Mason Jones,robert90@example.com,1610622298,806624601.0,730,109,14/07/1998,25
1000272,Aaron Rogers,juan60@example.org,2204926781,167594651.0,817,111,14/04/2006,18
1000273,Rachel Johnson,jill08@example.org,8226089870,898583739.0,726,101,14/06/2000,24
1000274,Danielle Johnson,jeffrey01@example.org,1598581626,857457543.0,781,109,21/05/2006,18
1000275,Steven Martin,floydryan@example.com,4284927347,749258149.0,713,105,15/04/2005,19
1000276,Jimmy Padilla,wcarpenter@example.org,2237996455,131463316.0,703,118,02/04/2001,23
1000277,Mr. Joshua Orozco,fboyd@example.org,2970180423,84366120.0,719,109,15/06/2005,19
1000278,Stacie Gonzalez,meyerdustin@example.org,5999638305,895902842.0,705,101,20/02/1999,25
1000279,Eileen Robinson,margaretschmidt@example.net,7186397568,143586960.0,730,108,27/05/1995,29
1000280,Jay Sellers,ashleymolina@example.net,4494229369,219686854.0,713,109,02/06/2005,19
1000281,Jorge Johnson,cynthia44@example.net,8590256325,211720914.0,717,119,01/02/2003,21
1000282,Jared Colon,andreanguyen@example.net,8096045637,489960484.0,735,112,13/07/1995,28
1000283,Susan Robertson,martinandrew@example.net,1033186613,,736,118,08/12/2004,19
1000284,Johnathan Warner,darrellbullock@example.com,7308081814,500333641.0,704,107,22/08/1994,29
1000285,Robert Robertson,rebeccaolsen@example.net,5701173253,924490817.0,774,106,20/08/2005,18
1000286,Jade Brown,melissathompson@example.net,8667668783,189440271.0,810,118,23/04/2006,18
1000287,Ryan Gonzales,eschneider@example.net,1596453983,177207038.0,731,112,28/12/1994,29
1000288,William Bullock,sheena58@example.net,3359065309,870463230.0,736,117,12/09/1997,26
1000289,Tara Crawford,wadejennifer@example.net,9937018355,558884934.0,814,104,20/06/1994,30
1000290,Melissa Bridges,dtucker@example.net,9936079725,749033130.0,815,115,25/04/1994,30
1000291,Jeffrey Thomas,kingshawna@example.com,1203686530,583840953.0,724,112,16/01/2005,19
1000292,Jennifer West,dbarton@example.net,9516794906,948519684.0,724,117,23/04/2003,21
1000293,Craig Gutierrez,luke24@example.org,9570289039,22902295.0,728,104,03/07/2002,21
1000294,Melissa Hardy,lindsay34@example.net,2003932897,899933219.0,784,102,07/11/1993,30
1000295,Michael Norton,betty01@example.net,7766565883,133944090.0,709,103,27/06/1997,27
1000296,Leslie Kelly,crhodes@example.net,8267887390,209688351.0,715,119,13/06/1998,26
1000297,Shannon Barton,fzimmerman@example.org,8102562527,804977619.0,731,114,14/12/2002,21
1000298,Allen Wright,elopez@example.com,4605371312,664497948.0,782,113,23/05/2006,18
1000299,Jeffrey Jordan,eatonkatie@example.net,2616905846,856934151.0,720,102,23/02/1997,27
1000300,Mario Ross,jonathan88@example.com,2580329223,532232335.0,748,110,21/06/2000,24
1000301,Jennifer Turner,nlang@example.org,1743045984,604567295.0,820,109,11/10/1993,30
1000302,Tamara Perez,mariah41@example.com,7626262160,209805014.0,718,119,02/08/1995,28
1000303,Anna Anderson,zmoody@example.com,1123860416,921341852.0,708,103,15/09/1999,24
1000304,Christopher Chambers,kellifoster@example.net,4009267315,883033402.0,725,101,25/04/1998,26
1000305,Russell Burke,ddaniels@example.net,4672913132,576040012.0,732,120,16/04/2000,24
1000306,Michael Hughes,umckenzie@example.net,7470586381,577796133.0,744,116,07/09/2004,19
1000307,Amber Glenn,stevennoble@example.com,3450214498,640533401.0,715,113,28/09/2002,21
1000308,Jodi Perry,acostajustin@example.com,2437335309,394259354.0,720,104,25/05/2001,23
1000309,Mary Wright,james32@example.com,689712152,916773691.0,707,107,21/08/1999,24
1000310,Michael Jones,nguyennina@example.com,3869523599,357947871.0,707,108,06/07/2003,20
1000311,Darren Potts,bryansmith@example.org,224191800,584168818.0,740,110,29/11/2003,20
1000312,Tammy Flores,richarddonaldson@example.org,5258849488,739011074.0,778,117,27/11/1993,30
1000313,Edward Love,angeladecker@example.com,2317750000,,741,112,07/09/1998,25
1000314,Tommy Duke,gabriela54@example.net,2954924475,393645243.0,742,104,05/06/2005,19
1000315,Carl Hart,pthomas@example.com,2107691409,723648932.0,705,113,07/11/2000,23
1000316,Ann Simon,devin25@example.com,522296083,145216876.0,707,103,12/06/1997,27
1000317,Tanya Hayes,johnathan97@example.net,7353767114,422788259.0,712,103,23/12/1998,25
1000318,Harold Mendoza,holly36@example.org,8054453730,169389882.0,706,112,17/04/2000,24
1000319,Jeremy Gonzalez,lisamorales@example.org,1274846603,54252806.0,706,119,12/03/2002,22
1000320,Cassandra Wood,simpsonblake@example.com,323384000,153131571.0,707,107,21/03/2002,22
1000321,Jeffrey Leblanc,bernardnicholas@example.com,5030149975,73036038.0,744,112,26/10/1997,26
1000322,Derek Ewing,victoranderson@example.net,4057145378,814911212.0,750,102,26/08/2004,19
1000323,Andrew Delgado,pamelagarcia@example.net,8414439064,,733,119,02/05/1997,27
1000324,Edward Montgomery,mgoodwin@example.com,3174475303,963086299.0,721,111,10/01/1999,25
1000325,Rachel Ramsey,yhunter@example.net,2116110606,156389275.0,728,120,09/02/1998,26
1000326,Maria Spencer,john84@example.org,4827380549,462672179.0,708,117,16/07/1994,29
1000327,Miranda Wallace,vargasalice@example.com,34063216,891666337.0,726,120,15/08/2000,23
1000328,Miguel Keith,david43@example.org,5142591103,148511444.0,733,118,16/04/1999,25
1000329,Nicole Adams,franklinaaron@example.com,5864303245,482122539.0,710,106,22/06/2004,20
1000330,Brittany Robinson,kellyhoover@example.org,6725255772,958403303.0,726,111,22/06/1997,27
1000331,Jeffrey Ellis,sarahedwards@example.com,7047183896,337591370.0,739,112,09/11/1994,29
1000332,John Burke,caldwelltravis@example.com,1767852756,6312306.0,707,112,18/09/2003,20
1000333,Julia Jones,vancealex@example.net,1871587197,722183374.0,731,120,13/01/2001,23
1000334,Daniel Smith,cmason@example.org,6943475788,872622074.0,726,115,22/05/1999,25
1000335,Tammy Williams,vperez@example.com,1241848067,312156826.0,728,118,09/10/2002,21
1000336,James Harper,mbonilla@example.org,5752050635,927868762.0,739,118,13/05/1998,26
1000337,Dennis Freeman,daniel28@example.org,6698304587,31016437.0,714,113,15/04/2005,19
1000338,Amanda Morgan,phillip31@example.net,4584370532,566918613.0,792,101,10/10/2005,18
1000339,Jason Page,grahamian@example.net,5197230763,687206536.0,746,115,05/03/1996,28
1000340,Brian Willis,teresa42@example.com,5438902329,676410018.0,715,119,18/08/2002,21
1000341,Patrick Pope,erika23@example.com,8776216741,798903559.0,710,116,14/09/2000,23
1000342,Anthony Williams,whancock@example.com,9913482462,976350994.0,739,104,26/09/2003,20
1000343,Robert Monroe,annettefields@example.com,3425932881,395644588.0,716,115,23/07/2001,22
1000344,Danny Gutierrez,ashleyvance@example.org,2506882399,226777600.0,795,120,25/03/1994,30
1000345,Jessica Farmer,john69@example.net,5239029066,229768922.0,737,104,23/06/2004,20
1000346,Christopher Nixon,wilcoxcolleen@example.net,3507125823,680255400.0,708,107,21/04/1999,25
1000347,Steven Jones,lmitchell@example.org,4164606819,226300930.0,746,111,26/09/2003,20
1000348,Denise Harvey,alyssamolina@example.com,4381281540,871870410.0,738,112,15/09/2001,22
1000349,Michelle Petersen,snyderjohn@example.com,4577846466,661689091.0,716,118,24/04/1996,28
1000350,Luis Nguyen,lopezcole@example.com,9009036523,564112797.0,745,118,09/01/2004,20
1000351,Mrs. April Farmer,williamsmith@example.net,8721654934,538826674.0,708,106,29/01/2005,19
1000352,Jared Barker,amber66@example.org,3487333075,79907692.0,778,120,29/11/2005,18
1000353,Melanie Webb PhD,dennis14@example.org,6602335520,532607790.0,735,104,14/05/2003,21
1000354,Jon Johnson,scottmichael@example.net,1431597850,3551962.0,704,107,02/05/1999,25
1000355,Evan Hall,anthony78@example.org,3925137256,99203614.0,701,114,27/03/2002,22
1000356,Diana Ford,stephanieflores@example.net,8393530237,44788377.0,729,108,19/05/1998,26
1000357,Eric Reyes,krystal62@example.net,5924535379,611767526.0,720,103,07/03/2000,24
1000358,Leonard Nicholson,kelly98@example.com,2428817049,128860535.0,711,106,04/09/1998,25
1000359,Jason Lawrence,strongdonna@example.org,3831731232,623296907.0,778,107,17/04/1994,30
1000360,Alex Duke,blandry@example.com,8819053739,206815081.0,718,117,20/07/2004,19
1000361,Christopher Reyes,marcmoore@example.org,751309897,846184357.0,788,110,31/12/2005,18
1000362,Bruce Hahn,ihuber@example.org,1390205224,,730,101,20/10/2001,22
1000363,Jamie Brown,hhubbard@example.org,2121795405,212413531.0,804,120,28/12/1993,30
1000364,Derek Taylor,todd74@example.net,6696731596,,709,112,28/09/2000,23
1000365,Laura Poole,pamelawoodward@example.org,9445257093,397612656.0,702,108,29/08/2000,23
1000366,Phyllis Taylor,stevenfrazier@example.com,2931207539,966772262.0,740,106,30/08/2000,23
1000367,Francis Miller,daniel35@example.net,6115950660,318584928.0,743,113,11/09/2004,19
1000368,Ronald Palmer,sharonfloyd@example.com,5076907351,249451645.0,748,111,19/01/1995,29
1000369,Reginald Keith,lauren25@example.net,6386060854,14851671.0,715,103,24/07/1994,29
1000370,Wesley Serrano,brogers@example.net,2386442693,772875947.0,736,108,31/07/1996,27
1000371,Elizabeth Bray,murrayjamie@example.net,6545286934,728235461.0,702,107,22/11/2004,19
1000372,Mary Walker,jameshorton@example.net,8918557712,323238616.0,747,118,07/06/2004,20
1000373,Kayla Herring,nancy08@example.net,9407782721,339322115.0,732,114,07/10/1999,24
1000374,Sarah Green,joshuahowell@example.com,3837906461,391179893.0,711,101,27/07/1995,28
1000375,Shelly Bray,brittneyjohnson@example.com,7571592113,500955653.0,796,120,02/02/2006,18
1000376,Katherine Schneider,vcarter@example.net,2295110273,481518739.0,715,104,08/09/2002,21
1000377,Matthew Key,hthomas@example.org,1056053841,173652275.0,731,104,19/03/2003,21
1000378,Catherine Bailey,coreyhanna@example.com,6801609016,,740,118,15/06/2001,23
1000379,Melissa Lindsey,jessicawoodard@example.net,5575565685,797571077.0,711,120,07/11/1998,25
1000380,Kristen Smith,osbornekenneth@example.net,5904574837,199902907.0,717,119,15/01/2003,21
1000381,Amy Manning,jenniferwilliams@example.com,975251747,,742,112,22/02/2004,20
1000382,Martin Dean,smithnicole@example.com,586440377,743064932.0,739,110,26/11/1996,27
1000383,Juan Fitzpatrick,kerri55@example.com,4198151861,652960812.0,748,120,14/11/1997,26
1000384,Bob White,wayne24@example.com,9316450536,288743243.0,720,119,05/04/2000,24
1000385,Elizabeth Williams,jonesmichael@example.com,5105882400,206555852.0,742,112,22/10/2003,20
1000386,Sherry Barrett,thomasaaron@example.com,6228662815,572846123.0,734,115,27/01/1998,26
1000387,Brenda Williams,powerscrystal@example.net,1956768512,211919473.0,737,112,27/07/1999,24
1000388,David Barton,reyespaul@example.net,4440386310,678532534.0,717,110,06/05/2002,22
1000389,Betty Gallagher,sharon34@example.net,4626095101,739807199.0,738,112,29/10/2001,22
1000390,Alexander Pham,smithstephanie@example.net,2080721772,177154192.0,800,105,17/09/1993,30
1000391,Susan Fletcher,miranda95@example.net,4417169255,212262567.0,746,110,14/06/2000,24
1000392,Nicole Richards,joneserica@example.com,9081374415,681122651.0,724,108,07/12/2001,22
1000393,Jennifer Martin,michaelanderson@example.org,1616889895,916118907.0,788,106,17/11/2005,18
1000394,Alejandro Clayton,jeffrey60@example.net,7307959003,449100418.0,738,113,15/10/1998,25
1000395,Scott Smith,valenciathomas@example.net,8897997551,,732,111,10/02/1999,25
1000396,Zachary Barnett,maurice44@example.com,1497100982,59377025.0,727,105,23/10/2001,22
1000397,Margaret Baldwin,charles89@example.org,7648559749,,722,101,20/03/1996,28
1000398,Patrick Wright,carolanderson@example.org,7531752222,700644052.0,749,109,29/08/1996,27
1000399,Melissa Ramsey,tpacheco@example.org,1844389378,816182166.0,714,120,15/08/1998,25
1000400,Ashlee Mendez,baldwinsherry@example.net,1267611020,578635818.0,758,110,12/12/1987,36
1000401,Loretta Bryant,dchoi@example.net,1835545806,971898501.0,748,106,25/12/1982,41
1000402,John Richardson,pwilkerson@example.net,2248908669,,725,117,22/08/1979,44
1000403,Sarah Powers,diazebony@example.net,9282778862,844070367.0,731,103,23/04/1990,34
1000404,Sarah Banks,michelecooper@example.com,243847242,176825299.0,762,108,21/04/1983,41
1000405,Cesar Lowe,twallace@example.org,1279967310,148917297.0,801,120,13/03/1994,30
1000406,Jeffrey Odonnell,heather01@example.org,8016161451,826441806.0,756,114,04/10/1983,40
1000407,Barbara Foster,charleswalker@example.org,8710017055,,754,112,21/02/1985,39
1000408,Ryan Barber,heathersmith@example.com,3932308782,484522329.0,802,118,01/03/1994,30
1000409,Catherine Campbell,browndanielle@example.org,8411427395,630511690.0,726,115,25/05/1987,37
1000410,Dominique Price,bnorris@example.net,181313260,474974298.0,766,114,29/06/1991,32
1000411,Ryan Clark,samuelsmith@example.org,2824793392,748799311.0,775,110,04/06/1992,32
1000412,Adam Diaz,olivia12@example.org,8915907583,338452966.0,743,104,03/12/1982,41
1000413,Robert Suarez,michaelhughes@example.net,1171548683,750662502.0,724,101,02/03/1989,35
1000414,Debbie Collins,murrayteresa@example.com,4095045061,824695571.0,742,120,01/04/1986,38
1000415,Carl Scott,marcushines@example.net,5305933171,309655343.0,770,116,04/03/1991,33
1000416,Sarah Williams,briana79@example.com,4048891512,890115114.0,748,101,13/05/1993,31
1000417,John Gonzalez,hlopez@example.org,7966149829,740136309.0,724,108,21/12/1992,31
1000418,Renee Jones,castrojacqueline@example.com,5155063204,588224892.0,750,104,02/11/1980,43
1000419,Robert Marquez,joseph10@example.net,832784949,159822620.0,758,102,10/05/1993,31
1000420,Abigail Smith,anthonygamble@example.com,354668646,200335708.0,751,109,31/08/1985,38
1000421,Samuel Wells,santoskimberly@example.net,1246405874,676735845.0,754,107,10/05/1984,40
1000422,Adam Baker,brittany38@example.com,6946432258,152828036.0,723,113,29/08/1987,36
1000423,Alicia Fuentes,erica65@example.org,3137484232,296209330.0,780,107,25/06/1992,32
1000424,Michael Ortiz,alexandra40@example.net,7761764222,367326896.0,790,106,27/08/1978,45
1000425,Aaron Weaver,matthew82@example.net,3108387613,429062317.0,767,116,29/04/1984,40
1000426,James Wang,jodianderson@example.org,1783158663,823782881.0,762,102,10/12/1980,43
1000427,Sherry Peterson,suarezholly@example.net,7459560600,971588422.0,762,108,13/01/1988,36
1000428,James Cunningham,cthompson@example.net,5309669944,142664109.0,733,101,07/04/1989,35
1000429,Samantha Lawrence,jason85@example.org,9583730085,999597338.0,765,110,29/11/1988,35
1000430,Caitlyn Contreras,lori00@example.net,1582393844,947308404.0,767,116,11/03/1992,32
1000431,Dr. Christina Walker,millerdeborah@example.com,3940884757,707085794.0,726,111,02/08/1990,33
1000432,Michelle Bowman,barnettjoshua@example.com,8089054980,653439204.0,720,103,27/10/1983,40
1000433,Debra Robinson,julie87@example.com,14075812,533762049.0,764,101,01/04/1990,34
1000434,Nicole Fox,jeffery86@example.com,9856680947,381948155.0,752,101,21/03/1985,39
1000435,Michael Gonzalez,philipmorales@example.org,8253012455,776058131.0,773,118,31/03/1981,43
1000436,Joseph Campbell,eknox@example.net,5148756659,231563380.0,776,102,10/03/1990,34
1000437,Laura Robles,ericksonpatricia@example.org,9147492556,461630270.0,763,115,04/12/1985,38
1000438,Laura Compton,crystal63@example.net,3898170400,474989538.0,778,114,06/05/1979,45
1000439,Jessica Galvan,michael56@example.org,5649138824,413325795.0,738,116,17/12/1981,42
1000440,Denise Gutierrez,simsrachael@example.net,8131126674,437859425.0,774,117,13/11/1984,39
1000441,Steven Martin,montgomerykenneth@example.net,6861375165,37640022.0,753,111,02/04/1983,41
1000442,Steve Floyd,nicolelewis@example.org,3470162944,717547519.0,759,103,17/10/1982,41
1000443,Michael Orr,abaxter@example.com,9521755783,676068198.0,764,115,15/09/1988,35
1000444,Charles Brewer,hicksjessica@example.net,6964767546,489432306.0,742,116,06/08/1985,38
1000445,Nancy Stewart,antoniosimmons@example.org,8059975886,293111665.0,743,107,16/11/1980,43
1000446,Sarah Strickland,buchanancynthia@example.com,3360739437,399677137.0,780,120,08/07/1985,38
1000447,Arthur Brooks,cherylhansen@example.net,1366946292,428885246.0,730,112,02/04/1984,40
1000448,Jennifer Wilson,margaretroberts@example.com,3372030905,196486824.0,757,119,03/07/1981,42
1000449,Jeremy Huynh,gardnerluis@example.com,8159664924,,744,117,10/11/1988,35
1000450,James Harris,jarvisjeremy@example.com,7337846473,442778382.0,783,117,11/08/1993,30
1000451,Christopher Lin,pbaker@example.com,9239448165,72648483.0,752,110,22/10/1979,44
1000452,Tina Mcclure,ballardmegan@example.net,5009063321,198641623.0,756,107,10/11/1983,40
1000453,Samuel Juarez,smithjared@example.com,6168835908,,764,108,24/01/1989,35
1000454,Kristin Garner,caleb17@example.org,543722557,923266031.0,734,119,18/01/1990,34
1000455,Amber Martin,colemegan@example.org,8415799199,659586523.0,779,119,08/09/1980,43
1000456,Chelsea Hunter,melissa46@example.net,7552720358,824869789.0,776,109,29/03/1983,41
1000457,Joseph Arnold,lcarter@example.com,6340949386,184664656.0,723,120,28/07/1991,32
1000458,Jennifer Estrada,renee10@example.org,5742162806,62142232.0,734,112,24/05/1980,44
1000459,Troy Smith,qheath@example.net,5826645974,,740,109,27/04/1993,31
1000460,Jason Hughes,joshua21@example.net,5310240611,24256505.0,729,111,10/10/1988,35
1000461,Mrs. Denise Cole,ilee@example.com,3597924180,572224693.0,748,102,23/01/1983,41
1000462,Elizabeth Rice,walkerrichard@example.com,6911741566,420514321.0,747,113,18/11/1981,42
1000463,John Chambers,sandraevans@example.org,5718030122,575234799.0,779,108,07/07/1988,35
1000464,Mary Evans,zachary44@example.org,6510918,191409772.0,746,110,15/09/1988,35
1000465,Alexa Pollard,kathleencampbell@example.com,5339662400,770899911.0,729,101,27/08/1989,34
1000466,Ashley Hughes,pauljohnson@example.net,8720938104,402759866.0,767,117,23/08/1988,35
1000467,Kenneth Ortiz,linda57@example.org,8389453406,768508829.0,777,110,26/12/1980,43
1000468,Nicole Shaw,zfisher@example.net,8189438024,259342680.0,759,109,02/10/1989,34
1000469,Rebecca Martinez,jean16@example.org,6452995439,131201170.0,738,104,03/03/1993,31
1000470,Victoria Anderson,smithbrian@example.org,7344872584,759255565.0,753,115,13/06/1993,31
1000471,Antonio Chase,luisolson@example.net,9492217911,219269135.0,723,114,25/12/1983,40
1000472,Brian Stevens,ycollier@example.net,6391893755,974695628.0,742,111,21/08/1987,36
1000473,Johnny Malone,cdougherty@example.net,6632759156,736366035.0,756,111,09/12/1982,41
1000474,Stacy Lopez,smarshall@example.org,7228447810,695841888.0,771,118,14/04/1994,30
1000475,Kathryn Mckinney,tammymoore@example.org,9850743115,771449415.0,768,106,20/04/1990,34
1000476,Francis Jackson,rebeccamoses@example.org,8041494338,433008480.0,776,105,29/10/1980,43
1000477,Mark Lowe,kristinreese@example.org,2679346873,487340283.0,722,120,05/03/1981,43
1000478,Victoria Aguirre,jason64@example.org,9270327572,578458366.0,777,101,03/03/1979,45
1000479,Corey Brown,carol81@example.net,8994244026,167370423.0,754,112,05/12/1989,34
1000480,Rachel Jackson,nguyenkevin@example.org,7102411363,182951047.0,753,109,21/12/1979,44
1000481,David Rodriguez,ashleymorris@example.com,5818587291,853284591.0,746,116,04/05/1982,42
1000482,Stacie Johnson,rachelwashington@example.org,1348934024,658720757.0,736,104,28/06/1979,44
1000483,Willie Miller,lori60@example.net,3485251594,672917009.0,774,117,20/10/1983,40
1000484,Shirley Nicholson,katherinesmith@example.com,4224946278,84200868.0,810,116,20/03/1994,30
1000485,Gregory Shaw,stanleylewis@example.net,7828083202,762047601.0,755,116,05/02/1991,33
1000486,Steven Silva,jamesamy@example.net,1098152273,713502740.0,761,118,26/10/1979,44
1000487,Christopher Espinoza,elijah14@example.com,3585899931,537550177.0,735,103,17/01/1988,36
1000488,William Ray,monica74@example.org,2205362330,826385044.0,777,101,06/02/1979,45
1000489,Audrey Williams MD,samanthavelazquez@example.com,2795003693,812184799.0,804,114,31/12/1993,30
1000490,Denise Macias,travisgreen@example.org,6359163274,520258528.0,771,115,20/03/1990,34
1000491,Evelyn Esparza,wardadam@example.org,8680114183,9753761.0,769,103,30/06/1991,32
1000492,Diane Swanson,brycejordan@example.net,6260528689,18131733.0,771,110,22/08/1984,39
1000493,Michael Cook,katherine36@example.org,3255644389,343398897.0,774,112,03/01/1982,42
1000494,Brian Russell,wlee@example.com,1908430475,385927903.0,773,115,13/06/1982,42
1000495,Todd Luna,leahzamora@example.com,6751549106,702153702.0,746,113,20/03/1984,40
1000496,Karen Sheppard,amanda01@example.org,1912078964,493379051.0,746,102,13/08/1991,32
1000497,Anthony Campbell,pjordan@example.net,1401551111,246510962.0,733,111,19/01/1989,35
1000498,Kelli Jackson,ctucker@example.net,7703369615,445255834.0,774,109,03/03/1979,45
1000499,Mario Porter,rsimmons@example.net,3722196584,553643900.0,819,118,09/08/1978,45
1000500,Daniel Clark,jacksonsamantha@example.net,5557513410,782691207.0,777,113,03/07/1979,44
1000501,Casey Nichols,fwalker@example.com,459426055,644684848.0,769,105,11/10/1983,40
1000502,Edward Macias,mollyreynolds@example.org,7993039690,416462637.0,751,111,26/05/1981,43
1000503,Dr. Erica King,lescobar@example.org,5478575685,470081408.0,753,110,08/07/1986,37
1000504,Luis May,paul33@example.com,1497985861,399126566.0,721,118,26/10/1980,43
1000505,Jessica Young,ajoyce@example.net,1827747498,467998158.0,747,108,09/05/1992,32
1000506,Paul Wagner,diane85@example.net,8014105920,220168304.0,753,110,22/08/1990,33
1000507,Randy Martin,oliveralexander@example.org,2621596330,680455811.0,734,102,23/02/1980,44
1000508,David Graves,psantos@example.net,2953349586,796729838.0,757,118,07/08/1982,41
1000509,Brandi Brown,andrewcarney@example.net,4349698951,905255275.0,722,117,28/12/1981,42
1000510,James Hunt,andrewholmes@example.net,5513291290,380517712.0,746,102,25/02/1987,37
1000511,Deborah Day,curtisrodney@example.com,5252627086,334028744.0,780,113,11/06/1980,44
1000512,Bobby Bartlett,katie70@example.net,6005041206,511645091.0,770,106,31/10/1982,41
1000513,Matthew Collins,deniseyork@example.net,5559170157,656803650.0,803,118,03/12/1993,30
1000514,Chelsea Berg,mary24@example.org,2813024146,808998616.0,780,115,14/03/1988,36
1000515,Aaron Freeman,timothy34@example.com,8579435806,519191209.0,813,118,03/08/1978,45
1000516,Martha Evans,austinsmith@example.com,1385431729,609575121.0,745,106,07/11/1979,44
1000517,Brian Anderson,smithtimothy@example.net,374300196,619773618.0,809,104,04/08/1993,30
1000518,Gregory Carlson,derekbrock@example.org,7710022972,32620123.0,770,106,29/11/1985,38
1000519,Alicia Walker,jacqueline67@example.org,8320803824,58534619.0,723,115,31/03/1982,42
1000520,Stephanie Ferguson,nwinters@example.net,3858596815,311741194.0,748,106,12/05/1981,43
1000521,Sherri Yang,wendy90@example.net,806501241,5781294.0,747,116,19/05/1991,33
1000522,Jennifer Johnson,cameron00@example.com,2040491460,728227709.0,740,117,19/03/1987,37
1000523,Mary Dennis,patrick96@example.net,1582352548,243961183.0,746,118,13/01/1984,40
1000524,Samantha Parker,jeffrey40@example.net,6500968020,365232092.0,737,107,17/07/1985,38
1000525,Jessica Dominguez,lparker@example.org,7024431481,357397500.0,752,115,19/11/1990,33
1000526,Daniel Lewis,erinvaldez@example.net,7009800171,719718522.0,761,105,25/05/1986,38
1000527,Leah Wright,lewisscott@example.net,856905698,623505574.0,792,112,30/12/1978,45
1000528,Travis Bean,rubiotodd@example.org,7298057510,860303953.0,748,108,26/08/1982,41
1000529,Nathan Brown,briana25@example.net,287376742,24623255.0,768,102,20/07/1982,41
1000530,Tina Solis,ronaldthomas@example.com,2253143427,577777401.0,757,104,24/12/1992,31
1000531,Raymond Schneider,lisawarner@example.org,5037459447,591909278.0,748,112,09/08/1990,33
1000532,Paul Green,mgriffin@example.net,7343942934,124184169.0,748,102,13/02/1991,33
1000533,Rhonda Molina,bjenkins@example.org,1005246562,216691590.0,747,116,16/03/1985,39
1000534,Ashley Snow,wwhite@example.com,4536100722,392551422.0,772,105,17/11/1983,40
1000535,Michael Johnson,williambowen@example.com,7744206200,23022190.0,774,116,23/10/1988,35
1000536,Steven Phillips,campbellstephanie@example.net,8741468252,866064011.0,756,105,02/06/1990,34
1000537,Matthew Hayes,xduncan@example.net,9803431801,559914958.0,736,117,04/10/1992,31
1000538,Brenda Garcia,mullinsbruce@example.com,6533451480,653182872.0,729,102,17/02/1981,43
1000539,Jesse Skinner,oking@example.com,7933993458,941145672.0,777,114,24/06/1986,38
1000540,Sarah Brown,dwelch@example.com,301625702,593522252.0,722,119,15/05/1981,43
1000541,Christine Howard,cruzmichelle@example.net,7102673604,38668306.0,775,120,07/11/1991,32
1000542,Phillip Morris,michelealvarado@example.org,4552672734,601576076.0,745,105,31/10/1983,40
1000543,Jessica Perez,ksantos@example.net,9082520444,783201953.0,772,116,17/08/1984,39
1000544,Miranda Sanders,rachel19@example.org,7297605277,296704972.0,755,117,07/03/1990,34
1000545,Victoria Powell,curtisbrown@example.org,5755317172,256229707.0,728,116,19/01/1988,36
1000546,Nicole Wright,gwoodard@example.org,8605455358,970912521.0,764,106,07/05/1980,44
1000547,Donald Hampton,littlekarina@example.com,9971298367,564726104.0,787,110,04/11/1978,45
1000548,Brian Robinson,briansanchez@example.net,2428963717,645502615.0,752,104,11/08/1979,44
1000549,Bruce Alexander,arice@example.org,3263004975,166663122.0,738,116,26/03/1984,40
1000550,Donna Woodard,olsonjoseph@example.com,16535829,909807254.0,759,115,18/05/1985,39
1000551,Sharon Roberts,ibeasley@example.org,890010148,792087737.0,759,102,02/06/1980,44
1000552,Allen Boyd,charles91@example.org,4615148988,412426442.0,769,111,07/08/1981,42
1000553,William Allen,wendyhughes@example.org,8323866035,480910320.0,774,103,26/07/1988,35
1000554,Jane Brewer,michelle21@example.net,9187536781,689689371.0,772,107,04/02/1989,35
1000555,Andrew Henderson,ryan46@example.com,7387906244,954034289.0,787,101,04/06/1994,30
1000556,Lisa Cummings,rachaelramos@example.net,1113833215,612342223.0,773,119,03/10/1980,43
1000557,Mark Oliver,qryan@example.org,2557039619,537500179.0,720,108,06/03/1982,42
1000558,Karina Martinez,william36@example.net,5843258037,887491748.0,779,110,23/08/1985,38
1000559,Ronald George,leenicole@example.org,1157977442,778522537.0,783,110,09/07/1978,45
1000560,Shane Thomas,jimeneztimothy@example.com,5226134186,920260777.0,759,111,25/09/1984,39
1000561,Paul Murillo,marshjames@example.org,7038100384,795472529.0,769,105,27/02/1992,32
1000562,Sarah Boyd,navarrobrandy@example.net,51048819,571921655.0,762,109,02/12/1987,36
1000563,Erik Tucker,darrell28@example.org,9489313082,702720615.0,769,107,28/08/1986,37
1000564,Christopher Mcintyre DVM,carol73@example.net,6117827880,,745,119,18/11/1990,33
1000565,David Perry,connorpacheco@example.org,6260582031,972730444.0,732,101,11/07/1979,44
1000566,Mary Whitney,ojohnson@example.com,4979279800,636235201.0,728,104,25/05/1980,44
1000567,Paula Fitzgerald,ugutierrez@example.net,9659384820,384241716.0,750,110,03/10/1992,31
1000568,Thomas Benton,autumnbrown@example.com,7894599421,941337116.0,771,117,16/11/1987,36
1000569,Cassandra Lucas,jenniferrivers@example.net,6686656768,259665634.0,725,109,07/04/1986,38
1000570,Michael Adams,melaniedouglas@example.com,9062221644,106585341.0,818,117,16/03/1994,30
1000571,Jennifer Hancock,randygarcia@example.net,7515902260,448787215.0,755,113,25/10/1980,43
1000572,Shawn Rivera,roberto49@example.net,3900811677,,733,117,09/08/1982,41
1000573,Kelly Roman,yrobbins@example.com,4651780789,35899373.0,747,113,17/12/1986,37
1000574,Jason Martinez,waltersmeagan@example.org,6330461632,151189592.0,729,112,11/10/1980,43
1000575,Nancy Baker,bwhite@example.com,5359235124,76620119.0,761,113,04/10/1981,42
1000576,Emily Hughes,umitchell@example.org,2250468016,802825990.0,763,113,07/11/1980,43
1000577,Jerry Howard,nicholsmonica@example.com,2439127037,119885071.0,734,109,20/02/1981,43
1000578,Anthony Smith,christina01@example.net,5335351759,207155047.0,745,115,24/09/1983,40
1000579,Mary Smith,brian37@example.net,4919019965,365955810.0,754,112,30/03/1982,42
1000580,Kelly Short,joshua87@example.net,2812696054,907494106.0,721,107,29/11/1989,34
1000581,Terry Welch,michellefranco@example.com,881255872,368126694.0,746,111,05/08/1982,41
1000582,Heather Henderson,michael62@example.com,9480502345,817046558.0,723,120,20/06/1983,41
1000583,Stephanie Gonzalez,jameskelly@example.org,1489510691,823369016.0,780,113,13/04/1994,30
1000584,Carlos Whitehead,anthonyaustin@example.net,2633333219,97565261.0,732,102,06/05/1981,43
1000585,April Mcgrath,april85@example.org,6540386005,206801830.0,728,119,27/11/1992,31
1000586,Thomas Harris,tanya83@example.com,5343233480,737450806.0,763,109,30/03/1988,36
1000587,April Hughes,johnsonkatherine@example.net,4280702506,888360974.0,769,120,03/08/1982,41
1000588,Kenneth Johnson,sgross@example.net,5424136479,325751614.0,723,118,24/06/1990,34
1000589,Michelle Scott,philip51@example.net,3977525078,62218687.0,735,118,16/11/1989,34
1000590,Brian Hebert,alexandraodom@example.net,3702798272,,733,108,16/10/1986,37
1000591,Glenn Wheeler,dawn90@example.org,8600548106,978643142.0,788,110,08/01/1994,30
1000592,Anna Osborne,rtrujillo@example.com,3872691863,585689864.0,721,115,25/06/1992,32
1000593,Jimmy Bell,qramos@example.com,8676545479,642532850.0,727,105,20/12/1987,36
1000594,James Savage,obridges@example.com,5553276239,1046524.0,767,111,07/02/1986,38
1000595,Cody Crawford,clinton21@example.org,9503376082,222606492.0,776,110,30/09/1988,35
1000596,Stephanie Brown,shawmegan@example.com,4744491533,891604955.0,731,105,15/03/1989,35
1000597,Jeff Hutchinson,steven63@example.net,2741595104,673234196.0,754,108,12/04/1991,33
1000598,Kimberly Johnson,mullinsleah@example.org,2090141697,837685841.0,742,103,30/10/1981,42
1000599,Catherine Morgan,vflowers@example.org,4816866078,387086992.0,816,106,23/08/1993,30
1000600,Stephen Le,bobbymcguire@example.com,3487264656,470601378.0,773,105,12/04/1986,38
1000601,Mr. Tyler Phillips,sara70@example.org,3690577821,428824682.0,746,116,17/10/1989,34
1000602,Derrick Olson,andrea77@example.org,1606380660,306526358.0,746,114,12/03/1986,38
1000603,Michael Edwards MD,jose02@example.net,5421272503,500762725.0,772,108,02/12/1982,41
1000604,Kristin Morton,jennifer75@example.com,8605169163,914461580.0,730,102,07/11/1991,32
1000605,Victor Cunningham,markross@example.net,9239222636,705835900.0,741,105,02/12/1982,41
1000606,Abigail Boyer,angela10@example.org,8427966278,49429371.0,721,106,26/06/1982,42
1000607,Michele Boyd,kevinholden@example.org,9589226371,314408617.0,755,119,26/06/1983,41
1000608,Tyler Brown,lisa43@example.net,811616134,881445325.0,771,106,24/01/1989,35
1000609,Tiffany Rivas,danielhuerta@example.com,922727127,290753622.0,749,118,29/08/1979,44
1000610,Julie Bruce,christophernelson@example.org,8243379038,641323383.0,773,118,16/06/1994,30
1000611,Bradley Allen,juliablackburn@example.com,611847217,889725402.0,785,114,02/11/1978,45
1000612,Jasmine Schneider,anthony12@example.org,8353611801,699696375.0,772,107,19/12/1988,35
1000613,Jeremiah Fowler,larsonmichael@example.net,3102573906,806822221.0,754,118,11/09/1991,32
1000614,Darrell Thompson,kara68@example.org,7147109677,198828944.0,764,112,13/05/1985,39
1000615,Shannon Williams,patrickhamilton@example.net,8559417209,379822727.0,758,111,13/02/1981,43
1000616,Teresa Barrera,barryschaefer@example.org,601534363,258334992.0,770,104,13/02/1979,45
1000617,Dustin Scott,duncangregory@example.com,9003062958,,738,103,16/04/1982,42
1000618,Anthony Wagner,edavenport@example.com,220330131,66252198.0,780,103,17/12/1990,33
1000619,Melanie Vaughn,jamie04@example.org,787038552,749631420.0,771,116,26/07/1982,41
1000620,Austin Cain,heatherromero@example.net,2513182761,393844521.0,752,111,30/09/1988,35
1000621,Steven Noble,hessjessica@example.net,1345625381,916903667.0,751,117,09/12/1984,39
1000622,James Rhodes,jamesmonica@example.net,6123953631,526311575.0,729,103,10/03/1993,31
1000623,Sierra Cobb,susanmalone@example.org,4133557948,358450567.0,753,114,22/01/1988,36
1000624,Teresa Perez,adamhoward@example.com,6526834373,508073512.0,748,108,15/05/1980,44
1000625,Jane Lewis,yhuerta@example.org,5235375567,274162393.0,751,108,16/11/1988,35
1000626,Robin Morrison,ronald50@example.org,730182971,686053951.0,744,109,25/10/1989,34
1000627,Todd Lee,castillozachary@example.org,473471932,369705635.0,802,118,24/01/1979,45
1000628,Tara Riley,richard72@example.com,6680673265,158921974.0,761,106,17/01/1991,33
1000629,Jeffery Freeman,annette37@example.com,8123556679,760102620.0,737,116,13/09/1991,32
1000630,Gregory Pennington,danielle18@example.net,8058700359,210433021.0,767,108,13/08/1981,42
1000631,Abigail Ford,eric40@example.com,9795628667,720749223.0,820,108,17/10/1978,45
1000632,Michelle Smith,lewismatthew@example.net,2737196675,184660274.0,764,114,15/07/1989,34
1000633,Rebecca Cameron,allenmiller@example.com,4767828519,6527322.0,768,111,16/07/1982,41
1000634,Jennifer Graves,melissafrye@example.net,7365914952,647956187.0,738,119,23/06/1982,42
1000635,Dr. Mary Phillips,peterwilcox@example.com,3654695197,,776,110,31/10/1990,33
1000636,John Price,epatel@example.net,9218533624,821312913.0,736,107,17/02/1983,41
1000637,Ann Bell,ydickerson@example.com,2675486769,929669578.0,722,111,19/08/1980,43
1000638,Anthony Fitzpatrick,daustin@example.net,9571446010,712605988.0,748,111,30/11/1990,33
1000639,Cheryl Smith,travis00@example.net,5725067688,842491177.0,735,103,28/03/1984,40
1000640,Mrs. Samantha Curtis DDS,hodgesnancy@example.com,5936024851,615080077.0,720,102,24/04/1989,35
1000641,Kathy Miller,wcohen@example.net,4948340208,233182809.0,723,112,24/04/1981,43
1000642,Jacob George,heatherfuentes@example.net,2065263876,603182869.0,770,108,14/03/1979,45
1000643,Lisa Wolfe,nashmark@example.org,6510525672,824425630.0,767,103,23/08/1992,31
1000644,David French,richardmccarthy@example.com,3422167107,814708323.0,742,113,09/06/1993,31
1000645,Andrew Glass,edunlap@example.org,2297335943,645197366.0,762,109,09/03/1985,39
1000646,Kimberly Smith,amandabaker@example.com,2583776463,489300893.0,724,111,03/01/1991,33
1000647,Robert Christensen,qgreen@example.com,1754861268,366775312.0,726,108,29/07/1992,31
1000648,Allen Schwartz,amanda86@example.com,9259007955,366507110.0,752,117,03/08/1979,44
1000649,Christina Jordan,tamara79@example.org,314748789,345077143.0,749,104,09/07/1983,40
1000650,Maria Sanchez,laurie80@example.org,2954156429,133547298.0,737,117,06/11/1991,32
1000651,James Peterson,johnfarrell@example.com,6202690612,477597156.0,780,109,15/11/1988,35
1000652,Angela Dominguez,robertbell@example.com,3954892517,77150378.0,758,107,26/07/1988,35
1000653,Stacey Burns,andrew43@example.net,7381823854,547688246.0,782,113,08/07/1993,30
1000654,Derrick Ferguson,moraamanda@example.com,7641536542,,763,103,05/11/1982,41
1000655,Jeanne Campbell,jasonwilkerson@example.com,84338493,203953780.0,812,120,02/11/1993,30
1000656,Shawn Robinson,cookroberto@example.org,4025641745,864118606.0,731,106,27/04/1982,42
1000657,Daniel Stephenson,johnsondesiree@example.com,9848399107,991241209.0,780,110,18/02/1994,30
1000658,Greg Macdonald,ricerobert@example.com,9274747172,718898999.0,736,107,13/05/1984,40
1000659,Elizabeth Santana,matthewtyler@example.net,8511970308,212169365.0,781,106,17/08/1978,45
1000660,Christopher Turner,evaughan@example.net,8910677842,520021358.0,740,112,08/12/1985,38
1000661,Amy Nolan,johnsonrandall@example.net,530846322,601559529.0,793,107,01/07/1993,30
1000662,Mary Reid,benjaminrhonda@example.org,7437858810,703746860.0,768,104,12/07/1987,36
1000663,Erin Cline,emilysmith@example.net,2781062959,643756389.0,729,112,05/05/1986,38
1000664,Tracy Rice,alejandra26@example.org,4391115853,984148396.0,747,118,05/07/1987,36
1000665,Ashley Terry,smithlaura@example.org,6249671533,115975908.0,773,105,23/08/1988,35
1000666,Trevor Soto,calhounantonio@example.org,4629309696,286862389.0,747,111,09/10/1990,33
1000667,William Spence,stacey01@example.org,5496093811,834641161.0,778,114,20/04/1987,37
1000668,William Rogers,chandlerrichard@example.org,7751432294,37367296.0,766,112,28/05/1993,31
1000669,Rebecca Schwartz,walshlynn@example.org,666933724,19882752.0,769,105,09/07/1984,39
1000670,John Butler,melissa08@example.org,1774063152,156895596.0,775,120,08/09/1991,32
1000671,Shawn Kennedy,farmerdouglas@example.org,8383959876,177294643.0,777,115,29/12/1988,35
1000672,Robert Holder,courtneycannon@example.com,75896957,750674971.0,816,117,22/01/1994,30
1000673,Jesse Carlson,dudleysusan@example.org,2744046664,106339235.0,799,110,01/05/1979,45
1000674,Diane Johns,khartman@example.com,8948390982,78580133.0,731,101,11/03/1981,43
1000675,Kimberly Smith,hayden90@example.net,5010003475,908574193.0,738,112,22/04/1985,39
1000676,Raymond Johnson,lawrencerachel@example.org,6228314991,867670580.0,728,106,05/03/1988,36
1000677,Michael Johnson,ernestperkins@example.net,2120773933,29346486.0,820,113,10/05/1979,45
1000678,Laurie Sherman,wadelaura@example.com,9506733035,281533783.0,757,115,02/12/1987,36
1000679,Danny Valdez,choimikayla@example.net,2094594911,638192422.0,751,104,20/12/1991,32
1000680,Jane Thompson,neil14@example.com,3858908170,460874146.0,772,108,20/04/1980,44
1000681,Patricia Sullivan,weissrobin@example.com,9926695992,314849688.0,752,119,18/09/1992,31
1000682,Ricky Nash,wyu@example.org,6330986146,576932857.0,722,106,18/05/1985,39
1000683,Charles Johnson,amiranda@example.org,8890379365,89505894.0,779,114,23/07/1982,41
1000684,Robert Payne,allison68@example.org,6944848175,452578246.0,754,118,07/07/1991,32
1000685,Debra Bryant,myerskent@example.com,4770831887,925713605.0,771,115,28/11/1979,44
1000686,Susan Miller,johnmyers@example.org,8200769733,633459118.0,754,118,01/10/1989,34
1000687,Kylie Hudson,tiffanyjohnson@example.org,8704211201,923421718.0,775,103,15/08/1979,44
1000688,Donald Robinson,smithkathy@example.com,2604021725,,744,111,08/04/1983,41
1000689,Shelia Gonzales,noah60@example.com,4402706138,,735,120,21/09/1981,42
1000690,Tony Davila,davisjames@example.net,5430405795,990660945.0,720,110,03/07/1984,39
1000691,Christopher Rowland,timothyjimenez@example.org,6610502150,,815,120,13/07/1993,30
1000692,Sonya Brooks,lynnpitts@example.net,1868887549,219780392.0,774,115,24/02/1990,34
1000693,Jesus Randall,guy94@example.com,9462841602,445288121.0,731,119,10/09/1979,44
1000694,Andrew Henry,steven47@example.com,2845759798,770554199.0,749,120,02/03/1982,42
1000695,Mary Fritz,joelenglish@example.org,1169533447,204794782.0,761,107,29/01/1986,38
1000696,Amy Cox,wilsonpatricia@example.org,1893128782,705637021.0,768,101,15/10/1988,35
1000697,Heidi Griffith,tdavis@example.org,2764914536,757190799.0,729,103,30/03/1985,39
1000698,Christopher Benton,browntracey@example.net,5886172658,940436675.0,770,115,04/10/1991,32
1000699,Steven Ray,andersonjoshua@example.org,5939720463,542666915.0,744,107,14/05/1986,38
1000700,Zachary Chambers,howarddonna@example.com,3913943684,553157747.0,780,118,15/12/1978,45
1000701,Kristina Miller,onash@example.com,1143685133,93830276.0,754,101,12/03/1988,36
1000702,Steven Jones,martinkimberly@example.org,2747717010,477091530.0,770,102,20/12/1991,32
1000703,Courtney Guerrero,tstone@example.com,5021937342,84793008.0,748,116,05/02/1985,39
1000704,Mark Conner,madeline96@example.com,4597269604,541872234.0,774,105,16/12/1983,40
1000705,Mrs. Katherine Bates,margaret28@example.org,2419398475,,771,109,23/12/1992,31
1000706,Travis Joyce,spowell@example.com,3553685572,415950613.0,759,109,25/02/1988,36
1000707,Dalton Turner,mccoytheodore@example.org,2564221655,647660064.0,740,112,31/01/1987,37
1000708,Amber Holland,youngwilliam@example.net,6730678161,743782251.0,731,120,05/12/1987,36
1000709,Jessica Jacobson,smunoz@example.com,3341563657,125447925.0,775,112,22/06/1980,44
1000710,Peggy Gonzalez,rowepatricia@example.org,3839838761,689144521.0,776,119,27/10/1979,44
1000711,Danielle Thompson,ashleemartinez@example.com,5298317232,565656322.0,732,108,21/04/1983,41
1000712,Jonathan White,christina77@example.org,8216866751,537634047.0,782,117,23/08/1978,45
1000713,John Johnson,daniel22@example.net,5619587986,892733420.0,773,116,20/11/1978,45
1000714,Kelsey Lopez,robertsjohn@example.com,6707772413,151052769.0,733,120,18/04/1992,32
1000715,Laurie Schmidt,johnjackson@example.net,6281179790,939369321.0,757,119,04/07/1986,37
1000716,Brandon Stewart,darmstrong@example.net,4139151098,63055497.0,776,118,07/07/1991,32
1000717,Allison Mejia,willismorgan@example.org,6354600353,141723966.0,816,103,16/03/1994,30
1000718,Robert Pena,walkeramy@example.net,1246192337,423686450.0,757,115,10/05/1989,35
1000719,Larry Gilbert,cbenton@example.net,5257393635,811342878.0,780,101,24/12/1980,43
1000720,Jamie Myers,briannaparks@example.net,8110632901,116304714.0,766,106,08/03/1992,32
1000721,Linda Gonzalez,williamsdavid@example.com,475653403,178110163.0,771,113,04/07/1983,40
1000722,Katherine Jordan,sarah66@example.org,8995700216,103243966.0,762,102,07/05/1981,43
1000723,Louis Tran,usmith@example.com,2507290557,455089845.0,820,104,23/12/1978,45
1000724,Jennifer Garrett,natasha66@example.net,1136475067,484221166.0,733,105,29/05/1982,42
1000725,Dana Shields,jill39@example.com,6260803045,52174017.0,723,114,18/08/1980,43
1000726,Kim Ford,zhenson@example.net,7460357024,325332806.0,758,101,02/04/1981,43
1000727,Christina Walker,staceyrodriguez@example.org,4858307216,362159759.0,752,119,12/07/1986,37
1000728,Mark Nelson,kathleenhughes@example.net,6933495274,73192877.0,730,109,28/03/1981,43
1000729,Sydney Hudson,heather71@example.org,4715561570,,734,117,26/08/1983,40
1000730,Erica Brown,jonespaula@example.net,5344785146,798642699.0,760,112,04/10/1981,42
1000731,Herbert Stevens,wheelerautumn@example.org,9084728915,437016263.0,766,115,09/03/1984,40
1000732,Elizabeth Daniel,marc88@example.net,9084164900,746270062.0,779,113,18/02/1993,31
1000733,Jacob Wilson,jennifermay@example.net,15566566,411039458.0,722,120,28/07/1987,36
1000734,Terri Ward,jason93@example.net,6588849092,762884509.0,764,114,25/07/1986,37
1000735,Pamela Guerrero,jlin@example.org,2454441390,806443142.0,778,102,06/01/1985,39
1000736,Keith Robbins,kmartinez@example.org,5210921810,,728,107,26/06/1991,33
1000737,Amy Wilson,johnsontimothy@example.net,4338089452,893416794.0,774,101,01/08/1979,44
1000738,William Collier,jeremyevans@example.com,2460170109,778494525.0,732,102,31/01/1990,34
1000739,Scott Foster,juanguerra@example.com,8781903979,269038611.0,764,115,27/01/1988,36
1000740,Joshua Murray,wwashington@example.net,1414089677,362927125.0,773,112,20/11/1989,34
1000741,Christine Nguyen,christopher08@example.org,8141105712,594882028.0,773,103,29/05/1982,42
1000742,Nicole Mcmahon,nguyencrystal@example.com,4547072872,384419435.0,751,115,24/08/1987,36
1000743,Miguel Johnson,larrytownsend@example.net,4253348543,252330386.0,781,102,15/12/1993,30
1000744,Kimberly Moore,richardjohnson@example.com,6860437543,43880699.0,780,107,09/10/1990,33
1000745,Jessica Clay,kingjoseph@example.org,750195635,159617060.0,749,103,31/03/1989,35
1000746,Jennifer Hill,espinozajamie@example.org,60722918,173413841.0,729,104,07/11/1980,43
1000747,Jill Jacobson,krystaltate@example.net,6493505542,78121757.0,765,103,08/11/1986,37
1000748,Melinda Swanson,vincent56@example.com,1796354404,379315473.0,721,106,10/05/1991,33
1000749,Robert Watkins,victor41@example.net,1857672353,265996632.0,746,118,30/03/1992,32
1000750,Stephanie Ferrell,shawn48@example.org,1903246738,829602462.0,725,112,04/12/1979,44
1000751,Daryl Allen,joshualindsey@example.org,9458253080,61010709.0,728,103,08/05/1987,37
1000752,Ronald Meyer,briggsmichael@example.com,9900435273,295684882.0,732,103,16/05/1983,41
1000753,Jacqueline Hurley,lhamilton@example.net,7798509792,236619207.0,776,116,24/10/1991,32
1000754,Jillian Gonzalez,garzaanna@example.org,8189102375,888756258.0,753,113,02/06/1985,39
1000755,Phillip Hill,larry20@example.com,4993089403,739609186.0,731,118,10/03/1992,32
1000756,Amy Mills,gonzalezalexandra@example.net,3019799455,916233720.0,812,112,12/09/1978,45
1000757,John Patel,jennifer31@example.net,3081666229,385294199.0,732,116,03/01/1985,39
1000758,Patricia Burns,gnelson@example.net,7946682158,445927840.0,740,117,18/05/1989,35
1000759,Kathleen Kennedy,marilyngaines@example.net,6234437158,505915677.0,743,112,16/02/1982,42
1000760,Brian Romero,cbryant@example.net,7386859626,58470891.0,760,103,25/10/1991,32
1000761,Daniel Mccullough,xrichmond@example.net,7778710201,270161815.0,813,112,10/09/1993,30
1000762,Michael Smith,abbottjohn@example.net,134784777,,750,105,08/12/1987,36
1000763,Lindsay Johnson,porterkara@example.net,9048877900,703275995.0,743,111,30/05/1988,36
1000764,Mrs. Autumn Flynn,curtisedwards@example.net,9204121880,123730796.0,737,118,29/11/1982,41
1000765,Courtney Garcia,richard62@example.net,6245283737,252285666.0,775,102,20/06/1988,36
1000766,William Wall,kelly41@example.org,5551912482,311843785.0,735,117,22/09/1980,43
1000767,Heather Ward,westallison@example.org,1260272229,641580135.0,767,103,09/04/1984,40
1000768,Erin Mcclain,toddhumphrey@example.org,1742286572,907803020.0,751,116,03/11/1992,31
1000769,Edward Riggs,jacksonmaria@example.com,2986247393,469650329.0,768,103,20/08/1983,40
1000770,Scott Burton,ztaylor@example.com,7635127718,833365064.0,789,113,22/08/1993,30
1000771,John Martinez,ugilbert@example.org,1059814873,239641160.0,735,115,09/06/1982,42
1000772,James Burton,sramirez@example.com,9975444944,980903365.0,730,116,08/08/1986,37
1000773,Nancy Fox,khanteresa@example.net,1081971460,,771,103,17/07/1993,30
1000774,Lori Stafford,clane@example.org,6363121856,138136465.0,771,116,03/02/1991,33
1000775,Carrie Parsons,brownpatricia@example.com,6803538078,655051858.0,770,113,13/09/1985,38
1000776,Joshua White,lhernandez@example.com,161901053,830843807.0,733,106,09/10/1990,33
1000777,Steven Herman,michaelcooper@example.org,4670391426,509015866.0,730,107,04/08/1988,35
1000778,Heather Rubio,beckashley@example.net,3467895387,241754414.0,776,105,01/11/1988,35
1000779,Kenneth Foster,wbrock@example.net,5626557861,210023005.0,762,112,16/01/1993,31
1000780,Gary Chavez,nallen@example.net,1164249809,142814926.0,757,114,15/02/1993,31
1000781,Mary Brown,susan47@example.com,4598237666,933567208.0,780,113,24/10/1989,34
1000782,Scott Williams,aaron12@example.net,3494135234,745733887.0,747,103,30/04/1992,32
1000783,Christopher Doyle,nicholaswashington@example.net,7365920875,204034128.0,794,115,01/12/1978,45
1000784,Amanda Love,grayshelley@example.com,2482040212,,746,115,13/10/1992,31
1000785,Micheal Stafford,fwalter@example.net,2375546020,817798719.0,742,117,30/05/1988,36
1000786,Karen Wagner,pamela99@example.net,454818659,196743598.0,720,102,24/04/1986,38
1000787,Kelsey Turner,fjohnson@example.org,756502578,81002858.0,727,118,14/08/1990,33
1000788,Christopher Myers,stacey65@example.com,7133971159,191005923.0,745,114,16/07/1988,35
1000789,Brenda Rodriguez,zhodges@example.org,7224903653,385768250.0,750,113,26/04/1989,35
1000790,Ashley Zamora,zcarroll@example.com,1653382890,219869168.0,759,114,28/03/1986,38
1000791,Frank Johns,obrienshelby@example.org,1889919825,768736839.0,721,114,22/06/1989,35
1000792,Robert Smith,alyssaromero@example.org,643816460,482928011.0,747,120,09/07/1992,31
1000793,Scott Cruz,erika11@example.net,9322883748,884860921.0,745,108,02/09/1988,35
1000794,Tyler Johnson,joshuarose@example.net,9543600946,334735091.0,789,109,20/03/1979,45
1000795,Jill Byrd,andrewcamacho@example.com,651951750,527835746.0,756,111,02/02/1986,38
1000796,Monica Coleman,wolfbrian@example.com,1670703664,343718814.0,734,103,25/09/1979,44
1000797,Kenneth Thomas,clementsjacqueline@example.net,1851629598,722038848.0,803,104,15/11/1993,30
1000798,Christina Cooper,proth@example.com,2754027395,905961386.0,778,113,13/05/1984,40
1000799,James Graves,rickymarshall@example.com,2730730601,746882992.0,774,102,07/06/1993,31
1000800,Todd Neal,burkelisa@example.net,6800729864,405908758.0,736,116,28/11/1979,44
1000801,Mrs. Sheila Moreno MD,nathaniel16@example.com,1215077096,767857513.0,777,110,05/09/1978,45
1000802,Tina Martin,lynn20@example.com,5795497861,47097859.0,726,101,22/01/1986,38
1000803,Tammy Williams,iwoods@example.net,1016038646,448849971.0,720,118,06/04/1993,31
1000804,Anna Wolfe,barbara16@example.org,593128811,742153279.0,819,107,12/05/1979,45
1000805,Rachel Boone,suttonjames@example.org,6716068654,201669127.0,750,109,07/05/1990,34
1000806,Elizabeth Green,gary17@example.com,7261563486,334164646.0,759,109,14/01/1981,43
1000807,Shaun Shields,noahcarey@example.org,4368792503,686245762.0,723,118,21/11/1982,41
1000808,Erika Jones,wlewis@example.com,1387138212,901682659.0,795,120,28/04/1994,30
1000809,James Johnson,sosarobert@example.net,7257044140,872883623.0,777,101,25/07/1987,36
1000810,Tammy Burton,daisycarey@example.com,5472530083,184946974.0,747,118,31/05/1984,40
1000811,Caitlin Hayes,erica13@example.com,2347427643,726033956.0,779,101,06/09/1986,37
1000812,Jessica Mueller,uchase@example.org,7997985403,841602867.0,729,110,06/07/1986,37
1000813,Patricia White,kwhite@example.net,1298231769,404373381.0,745,119,01/03/1981,43
1000814,Jennifer Frazier,hsnyder@example.net,478644777,915716603.0,738,101,27/07/1991,32
1000815,Louis Brown,lbond@example.net,2155339195,485196965.0,771,102,19/05/1991,33
1000816,Clayton Cook,smarshall@example.com,4406245442,412267599.0,762,105,15/01/1993,31
1000817,Rebecca Flynn,tracy70@example.net,5166620992,894924800.0,754,112,03/12/1987,36
1000818,Gloria Dunlap,stoutcourtney@example.org,7343575515,393244284.0,720,120,24/04/1983,41
1000819,Brandon Le,thenry@example.com,9014971204,396805686.0,742,117,10/02/1985,39
1000820,Linda Robinson,lwilson@example.net,2231748512,651539646.0,728,105,18/12/1987,36
1000821,Timothy Bailey,martinezdavid@example.org,8787700290,693214911.0,765,113,24/05/1989,35
1000822,Caitlyn Johnson,wwinters@example.org,95029354,48364578.0,730,108,11/03/1988,36
1000823,Christina White,fford@example.org,9881715743,48422438.0,729,116,17/02/1984,40
1000824,Brian White,megan55@example.org,2007019138,842991711.0,758,111,06/05/1981,43
1000825,Grant Cooper,scottlopez@example.net,1079170982,262360109.0,774,110,28/12/1978,45
1000826,Steven Torres,lauren49@example.org,1648921589,644216290.0,730,108,22/01/1991,33
1000827,Karen Peters,kylebooth@example.net,5993697511,790919245.0,758,110,06/01/1989,35
1000828,Melanie Collins,elizabeth37@example.com,9275761633,93959547.0,764,103,12/01/1980,44
1000829,Andrew Ibarra,dcruz@example.org,5091380327,479192490.0,777,115,02/10/1984,39
1000830,Linda White,hopkinssteven@example.com,4122246241,738142447.0,777,110,24/06/1992,32
1000831,Lisa Barnes,sean97@example.net,3782841776,42622799.0,754,119,19/07/1988,35
1000832,Gwendolyn Kramer,austin28@example.net,4927384382,82474794.0,725,114,06/06/1991,33
1000833,Mary Fischer,ycarney@example.com,2835730750,587040445.0,765,104,25/09/1988,35
1000834,Robert Tran,tina16@example.net,7568769614,494649084.0,738,106,10/01/1987,37
1000835,Stephanie Roberts,frankbradley@example.net,1736386480,221027772.0,750,108,28/08/1987,36
1000836,Lauren Alexander,sandovallauren@example.com,1302321766,797933918.0,760,107,21/04/1981,43
1000837,John Lopez,craig11@example.com,8527190737,429756823.0,740,108,04/04/1980,44
1000838,Troy Landry,mgarcia@example.org,3552607137,310621243.0,780,104,08/01/1986,38
1000839,Brandon Taylor,williamsadrian@example.net,3897638588,983828805.0,737,106,07/12/1989,34
1000840,Patricia Welch,taylorjeffrey@example.org,4879775895,232301358.0,752,107,26/04/1987,37
1000841,Tammy Burns,jennifervargas@example.org,642818431,983385157.0,756,120,27/04/1988,36
1000842,Dustin Hansen,qweaver@example.com,1938447226,151425678.0,774,115,29/12/1988,35
1000843,Elizabeth Pacheco,mayopatrick@example.com,9510862078,415569654.0,794,113,26/02/1979,45
1000844,Eric Roberts,shawn10@example.com,7320999747,718249595.0,722,107,13/10/1981,42
1000845,Desiree Miller,mayojohn@example.com,3630703717,905778718.0,722,109,28/03/1993,31
1000846,Rhonda Pittman,floresrichard@example.com,8864557463,256795089.0,728,104,04/10/1980,43
1000847,Jason Lopez,brookejones@example.net,3192129800,749974250.0,720,102,06/04/1990,34
1000848,Ryan Lopez,christopherbishop@example.org,264650528,811538940.0,776,104,04/05/1990,34
1000849,Charles Welch,palmerdavid@example.org,9850884491,711904474.0,749,119,23/04/1988,36
1000850,William Norman,dhood@example.com,7709956245,983007230.0,793,119,08/12/1936,87
1000851,Sherri Gardner,hwilliams@example.net,6018487865,78357613.0,791,114,01/04/1970,54
1000852,Gary Good,toddschmitt@example.net,6692123299,128291633.0,795,110,30/06/1934,89
1000853,Jessica Reese,shawnwhite@example.org,4042200393,983438922.0,772,110,17/07/1976,47
1000854,Paul Bush,melanielester@example.com,3190392978,714619720.0,812,102,20/10/1940,83
1000855,Joseph Rivas,huntpaul@example.net,4476165222,791234038.0,798,120,21/07/1947,76
1000856,Richard Hoover,brianjensen@example.org,3445723178,669507104.0,777,114,16/02/1951,73
1000857,Jessica Hernandez,nicole40@example.org,1222830264,398901682.0,795,112,31/12/1945,78
1000858,Judith Grant,shannonbrown@example.org,6475697771,961944104.0,780,113,22/04/1962,62
1000859,Elizabeth Cochran,howerobert@example.net,1191942036,219074676.0,781,108,20/07/1976,47
1000860,Kaitlyn Ferrell,kristin09@example.org,5814747444,623925775.0,776,107,26/05/1931,93
1000861,Christine Hanson,upetersen@example.org,7864752818,,774,112,26/07/1933,90
1000862,Tim Romero,timothywilliams@example.net,8812480565,878190438.0,805,120,26/10/1930,93
1000863,Adam Sanchez,halllarry@example.org,6206656842,674718997.0,778,118,15/09/1930,93
1000864,Matthew Banks,bortega@example.org,5953200596,327930688.0,795,112,25/06/1964,60
1000865,Michael Gonzalez,nataliechandler@example.org,1491249989,708439865.0,803,119,07/01/1927,97
1000866,Jeremy Walker,bmorrow@example.com,6381575942,775883656.0,777,104,17/08/1933,90
1000867,Taylor Guzman,yhensley@example.org,7518253298,752430129.0,794,113,18/09/1974,49
1000868,Christopher Williams,fvelez@example.com,7892459506,366106963.0,792,111,03/01/1936,88
1000869,Mrs. Brandi Carlson,alyssa83@example.net,4848175046,158213367.0,784,106,13/05/1951,73
1000870,Jacob Marshall,katherinewood@example.net,4887316050,912132277.0,776,116,24/12/1961,62
1000871,Christopher Robinson,flowerslaura@example.org,3540461567,618393472.0,780,104,13/03/1976,48
1000872,Peter Pearson,amandanguyen@example.org,1916193085,809407483.0,791,119,08/07/1939,84
1000873,Nancy Bailey,kim62@example.org,7777630288,130441783.0,783,111,29/03/1954,70
1000874,Karen Beltran,mary81@example.com,1346295506,891730867.0,805,107,22/11/1961,62
1000875,Jonathan White,danieldavidson@example.com,8048618096,669807916.0,785,114,23/07/1948,75
1000876,Teresa Levine,bjackson@example.org,7501299826,71712553.0,786,118,07/10/1958,65
1000877,Brianna Roy,ruizkathy@example.com,4663552900,14883462.0,808,102,28/04/1938,86
1000878,Anthony Davis,escobarchristina@example.com,9120777058,243988106.0,814,104,09/11/1943,80
1000879,Amanda Harris,ilee@example.org,2804824076,835895783.0,787,101,23/02/1935,89
1000880,Michael Valdez,patrick36@example.net,3750671239,,783,104,11/10/1932,91
1000881,Melissa Burton,kbrooks@example.net,8939302279,231115263.0,781,120,27/06/1968,56
1000882,Christy Melton,matthew06@example.net,345882553,,797,102,05/01/1954,70
1000883,Denise Soto,johnortiz@example.net,8682743578,510798305.0,785,120,20/08/1924,99
1000884,Lauren White,npena@example.com,5267871984,76661299.0,773,115,10/04/1948,76
1000885,Dr. Savannah Stanley,salaschristina@example.net,1448433765,650114690.0,811,102,03/12/1977,46
1000886,Stephen Lewis,jillianhorton@example.com,2364665182,127881465.0,791,106,08/06/1978,46
1000887,Adam Shannon,millerdaniel@example.net,9942283271,175651543.0,818,105,16/10/1931,92
1000888,Dr. Elizabeth Patterson,corythomas@example.net,3025307065,288797194.0,796,115,30/01/1966,58
1000889,Julie Bass,barbara79@example.com,5839267319,183800658.0,807,112,25/11/1944,79
1000890,Kimberly Thomas,ryan40@example.net,3281406076,,792,107,15/10/1962,61
1000891,Megan Colon,jack07@example.com,2210292844,376143263.0,814,117,03/09/1937,86
1000892,Kyle Brown,callahananne@example.org,5907374433,,787,110,03/06/1941,83
1000893,Marco Flynn,jeffreyhoward@example.com,6788298163,324919235.0,794,103,09/01/1976,48
1000894,Andrea Johnson,erikrhodes@example.net,614944863,228982028.0,819,112,06/05/1962,62
1000895,Jeffery English,juan02@example.org,6587473564,987675090.0,818,119,28/03/1957,67
1000896,Mario Mathis,pmiller@example.net,7320020200,12859486.0,779,120,18/04/1968,56
1000897,William Fuller,danamosley@example.com,2640796002,702970462.0,775,112,20/01/1975,49
1000898,Michael Evans,johnsonshirley@example.com,1398757293,885439722.0,781,119,22/10/1959,64
1000899,Andrew Rodriguez,adamperry@example.com,6995269484,289240148.0,793,106,20/07/1923,100
1000900,Christina Wilson,jeffrey52@example.org,1656000995,744081821.0,809,101,26/11/1958,65
1000901,Brandon Wright,hughesmelissa@example.com,5893966771,398424177.0,779,112,19/02/1959,65
1000902,Tanya Jefferson,daniel32@example.net,7550591522,847046350.0,805,117,14/05/1930,94
1000903,Dave Mack,wudavid@example.com,5262551461,565654941.0,798,104,01/07/1955,68
1000904,Brian Miller,bgarcia@example.com,5194159325,245253992.0,795,106,07/11/1936,87
1000905,Timothy Martin,nicole39@example.net,8145580022,600199873.0,801,111,19/08/1961,62
1000906,Troy Martinez,shannonbishop@example.net,5132018118,416769368.0,789,117,06/07/1927,96
1000907,Pamela Boyd,mhess@example.net,6502733545,358500270.0,813,111,24/03/1959,65
1000908,Paula Jordan,ferrelllinda@example.org,3696909525,769977600.0,774,116,31/08/1947,76
1000909,Joseph Smith,martinezscott@example.org,6662636869,660116868.0,818,112,11/04/1977,47
1000910,Jessica Garrison,lukethornton@example.org,5698718015,983686988.0,787,115,23/06/1925,99
1000911,Brandy Mcknight,kevin37@example.com,2460710585,886753521.0,804,102,06/06/1935,89
1000912,Elizabeth Simmons,josephfernandez@example.org,2566297802,216641770.0,777,114,28/06/1975,48
1000913,Robert Fleming,jimmytorres@example.com,816547421,763497335.0,778,120,09/09/1928,95
1000914,Crystal Barber,louis13@example.net,1903085272,321905286.0,777,105,26/08/1931,92
1000915,Angela Chan,fbrown@example.org,5689383374,858206014.0,797,110,13/09/1963,60
1000916,Matthew Garcia,samuel84@example.com,6870794257,102232849.0,804,110,22/10/1928,95
1000917,Vincent Oliver,berryeric@example.com,8973814257,798900092.0,797,112,09/04/1967,57
1000918,Lawrence Delgado,megan16@example.com,9074303396,996102718.0,792,109,17/08/1945,78
1000919,Danielle Hoffman,walkermelissa@example.net,3411266040,249948136.0,778,114,21/12/1973,50
1000920,Charles Vargas,stacy22@example.org,5097274180,246240784.0,801,107,30/11/1927,96
1000921,Sherri Scott,michaelhoward@example.net,5649433250,250736493.0,817,109,12/02/1970,54
1000922,Helen Ortiz,thomasmcmahon@example.net,5935143280,903889875.0,820,112,18/11/1937,86
1000923,Kirk Alvarez,toddlisa@example.org,2754689833,75615149.0,781,104,09/04/1959,65
1000924,Robert Miller,garciakelsey@example.net,5352796589,871966022.0,789,117,01/02/1963,61
1000925,Andrew Blackburn,lwillis@example.com,8496036976,198166398.0,782,110,06/10/1964,59
1000926,Sheena Martinez,jessicawilliams@example.org,6365832865,635943051.0,811,114,10/11/1930,93
1000927,Maria Grant,sarah57@example.org,4663843146,968608296.0,783,108,22/03/1971,53
1000928,Anthony Porter,gutierrezchad@example.org,4176880456,,784,114,12/01/1971,53
1000929,Jennifer Lane,cochranrichard@example.net,439820294,494854524.0,814,112,16/12/1967,56
1000930,Timothy Ramsey,cynthia11@example.net,5458718545,839719678.0,814,104,29/10/1963,60
1000931,Justin Huerta,aowens@example.org,3464707118,256764352.0,808,118,04/06/1945,79
1000932,Lisa Swanson,tcruz@example.org,1358868598,786598003.0,777,102,14/09/1965,58
1000933,Thomas Shea,sglass@example.net,2343662343,790363835.0,791,112,18/03/1964,60
1000934,Leah Rowe,jill86@example.net,934337822,480833011.0,785,102,26/06/1963,61
1000935,Christine Meyer,dturner@example.net,204490217,998216444.0,774,115,03/12/1973,50
1000936,Mario Castro,kpatrick@example.org,1250195615,542832575.0,792,114,26/06/1957,67
1000937,Samuel Taylor,tmay@example.com,8189551145,91013682.0,787,109,16/10/1964,59
1000938,Adrian Leon Jr.,christinajones@example.org,7258617651,981391617.0,788,119,17/03/1960,64
1000939,Samuel Ramirez,billycain@example.org,6572929802,524556172.0,774,107,07/12/1944,79
1000940,Tracy Elliott,richardjamie@example.com,8159069558,,773,105,16/06/1949,75
1000941,Travis Hines,mindy24@example.com,9609486179,729455126.0,781,105,27/10/1958,65
1000942,Wesley Jackson,ijones@example.org,8766170246,183253028.0,780,112,26/03/1959,65
1000943,Amanda Cooley,smithtrevor@example.net,2944336183,367395552.0,819,101,20/06/1924,100
1000944,Laura Kelly,jillrussell@example.net,4042132837,112208351.0,784,117,31/01/1979,45
1000945,Brent Chapman,simmonskimberly@example.org,6610531782,837089919.0,798,114,27/09/1931,92
1000946,John Nunez,tommybarnett@example.org,9203119471,671041822.0,795,109,14/11/1954,69
1000947,Stephen Sharp,andersonjoshua@example.com,1248357229,808165982.0,779,108,26/08/1955,68
1000948,Michelle Duke,brian06@example.com,8135706072,841516932.0,814,102,19/07/1931,92
1000949,Susan Brady,megansmith@example.net,7244615977,653824053.0,773,119,06/10/1935,88
1000950,Rebecca Rivera,matthew29@example.com,9191629241,612136596.0,777,107,24/09/1955,68
1000951,Glenn Craig,allenjoseph@example.com,4715587935,750438055.0,807,109,12/09/1925,98
1000952,Jason Clements,cheyenne82@example.net,6292897563,98922011.0,809,118,08/10/1947,76
1000953,Raymond Jones,hughestyler@example.net,7527051956,550637669.0,798,117,30/07/1967,56
1000954,Katherine Reyes,dawnbell@example.net,6500025937,922570343.0,787,117,25/08/1955,68
1000955,Tiffany Graham,catherinesimpson@example.org,6488967714,520437887.0,781,116,25/01/1970,54
1000956,Christian Phillips,melissacasey@example.com,8819312066,274685092.0,813,104,03/02/1937,87
1000957,Monica Martin,avilabriana@example.org,293236574,620861287.0,770,114,26/01/1924,100
1000958,April Moore,michaelgonzales@example.net,4489581120,662159128.0,786,113,10/05/1959,65
1000959,Brandy Brooks,kirbychristopher@example.com,8460735381,156435958.0,804,117,26/04/1976,48
1000960,Anna Brown,ariana42@example.com,5047668978,317622537.0,788,110,19/03/1973,51
1000961,Corey Walker,josephmiller@example.com,848045234,871453437.0,802,111,22/11/1926,97
1000962,Anthony Burton,pierceamanda@example.org,3191723555,,792,117,28/07/1925,98
1000963,George Mosley,nburns@example.net,7135480456,806360439.0,782,109,30/09/1970,53
1000964,Tanya Russell,smitchell@example.com,5270074657,545305617.0,794,111,14/01/1931,93
1000965,Glenn Price,jared89@example.com,6009243553,517336403.0,819,112,21/02/1956,68
1000966,Catherine Rodriguez,camachojared@example.org,1682753291,69971513.0,813,104,03/07/1930,93
1000967,Caleb Jones,omcintyre@example.org,7049853106,77125737.0,804,107,02/02/1963,61
1000968,Brad Ramsey,ehoffman@example.com,6240499682,266386161.0,786,111,12/11/1955,68
1000969,Laura Smith,paul53@example.org,5269217684,578701591.0,777,108,10/12/1941,82
1000970,Mark Mathews,gharris@example.net,881823769,420940093.0,794,112,16/03/1926,98
1000971,Kenneth Joseph,shannonarroyo@example.net,6824957561,883502657.0,791,110,13/12/1975,48
1000972,Chelsea Taylor,kellyamber@example.net,5543757015,736424588.0,784,113,13/09/1931,92
1000973,John Chen,rossvalerie@example.net,4502077112,459801261.0,813,109,29/04/1930,94
1000974,Michael Davis,ocasey@example.net,2780963070,878967657.0,781,111,05/10/1967,56
1000975,James Hall,vickie10@example.org,7472698884,79223604.0,787,112,16/09/1976,47
1000976,Jeremy Thompson,matthew78@example.net,4535393664,51839876.0,773,114,18/04/1952,72
1000977,Stacey Mccoy,jacksonmaria@example.org,4232001064,445800338.0,778,103,15/06/1978,46
1000978,Steven Berg,lfloyd@example.net,6208439697,123752271.0,791,113,13/10/1929,94
1000979,Stephanie Adams,darrell09@example.org,9221032191,537004827.0,803,109,09/02/1947,77
1000980,Michael Caldwell,zshaw@example.org,5471222352,755595131.0,779,110,03/11/1932,91
1000981,John Avery,bradleyhumphrey@example.org,3139457660,96011221.0,804,108,06/09/1937,86
1000982,Shannon Jackson,darrenibarra@example.com,4426652740,245709415.0,770,120,23/02/1925,99
1000983,Laura Gray,benjaminmassey@example.org,3545059237,26626951.0,811,117,13/05/1925,99
1000984,Terry Price,spencercampos@example.org,7933402236,823967220.0,780,102,18/06/1924,100
1000985,Beth Ramos,lorrainehall@example.net,4566139893,975006598.0,776,113,28/10/1953,70
1000986,Lisa Davis,hsantana@example.com,653896559,50525244.0,810,103,19/03/1944,80
1000987,Susan Sims,christinarivera@example.com,6614412403,959986209.0,777,106,26/09/1923,100
1000988,Cassandra Ray,laurenblair@example.net,3022865451,887440131.0,787,110,26/11/1969,54
1000989,Daniel Green,marissapratt@example.org,907687898,781431589.0,776,101,20/05/1945,79
1000990,Sheila Morris,csanchez@example.org,4667500340,304110658.0,771,107,10/01/1964,60
1000991,Amber Gonzalez,guzmansharon@example.com,4502630074,443869465.0,792,115,18/02/1954,70
1000992,Sara Osborne,rflores@example.net,7445796548,798172272.0,778,115,29/05/1927,97
1000993,Cassandra Gonzales,esutton@example.org,3548665839,430777572.0,781,118,30/09/1939,84
1000994,Michael Sherman,ldaniels@example.com,7865237185,131306280.0,819,108,09/12/1934,89
1000995,Debbie Duncan,john81@example.org,6297612283,939227497.0,810,114,01/12/1948,75
1000996,Mary Nguyen,harrisjeff@example.com,8468910447,278708091.0,775,104,10/05/1967,57
1000997,Lisa Green,andrewsanchez@example.net,2773113466,,819,107,25/04/1926,98
1000998,Julie Murray,melissawilliams@example.net,2289361754,396937685.0,812,103,23/12/1938,85
1000999,Walter Dean,gweeks@example.net,8565654068,114884893.0,773,118,26/04/1937,87
