MarketDataID,productID,Date,NAV,PerformanceMetrics
1,1001,2024-05-11,363.14,5.57
2,1001,2024-06-17,433.1,7.7
3,1001,2024-01-01,164.1,7.37
4,1001,2024-04-27,213.86,-1.53
5,1001,2023-07-22,376.94,-6.2
6,1001,2024-03-27,156.46,9.49
7,1001,2023-11-15,177.27,-1.72
8,1001,2024-03-29,281.24,4.57
9,1001,2024-05-28,415.47,-7.52
10,1001,2024-04-10,367.3,-7.1
11,1002,2024-05-22,167.45,7.43
12,1002,2023-11-06,322.81,-4.51
13,1002,2024-05-07,153.51,9.51
14,1002,2024-01-13,392.8,-9.36
15,1002,2024-06-18,374.39,8.49
16,1002,2023-09-06,300.47,-2.18
17,1002,2024-06-20,494.05,-5.39
18,1002,2024-06-21,25.83,9.63
19,1002,2023-07-29,440.08,-5.14
20,1002,2024-03-04,80.9,0.12
21,1003,2024-01-14,435.91,-5.91
22,1003,2023-11-17,224.15,-9.03
23,1003,2024-03-09,371.11,9.92
24,1003,2023-09-21,197.8,-9.19
25,1003,2024-05-14,24.78,1.79
26,1003,2024-04-15,255.72,8.7
27,1003,2023-12-04,76.75,8.62
28,1003,2024-04-20,133.01,3.96
29,1003,2023-10-07,255.55,-8.19
30,1003,2024-03-04,309.66,-1.01
31,1004,2023-07-18,461.48,5.32
32,1004,2023-12-26,364.13,-3.31
33,1004,2023-11-14,126.05,-6.23
34,1004,2023-09-03,187.26,-2.62
35,1004,2024-05-25,162.97,8.83
36,1004,2023-12-27,124.79,-8.73
37,1004,2023-07-29,364.29,-7.63
38,1004,2024-03-23,96.81,8.24
39,1004,2024-01-01,133.71,8.26
40,1004,2024-04-22,412.81,-5.13
41,1005,2024-01-20,52.33,-7.91
42,1005,2023-09-11,181.82,-8.52
43,1005,2023-09-25,312.13,0.58
44,1005,2023-11-20,31.44,5.36
45,1005,2024-05-12,477.62,5.7
46,1005,2023-10-28,232.35,-0.97
47,1005,2024-01-14,81.48,-5.62
48,1005,2023-08-09,69.69,-9.78
49,1005,2023-07-14,82.87,8.83
50,1005,2023-07-30,493.46,-5.34
51,1006,2023-06-26,200.83,-3.52
52,1006,2024-03-27,53.32,-4.52
53,1006,2024-03-19,417.06,-2.74
54,1006,2024-05-02,12.83,-0.17
55,1006,2023-07-14,476.03,-5.22
56,1006,2024-06-12,133.46,-4.0
57,1006,2024-03-18,355.17,7.61
58,1006,2023-09-16,365.21,-0.98
59,1006,2023-09-12,43.76,3.64
60,1006,2023-10-02,210.15,-5.4
61,1007,2024-02-26,52.24,5.44
62,1007,2024-04-16,184.68,9.04
63,1007,2024-04-07,354.03,-3.16
64,1007,2023-07-09,252.02,-5.22
65,1007,2023-07-10,312.67,0.6
66,1007,2024-06-05,42.2,4.9
67,1007,2023-12-09,471.42,1.76
68,1007,2024-05-13,283.77,1.57
69,1007,2023-12-08,481.12,-8.49
70,1007,2023-11-08,454.45,2.87
71,1008,2024-02-16,66.91,-2.46
72,1008,2023-07-30,294.95,6.94
73,1008,2024-03-17,291.6,7.89
74,1008,2024-03-28,379.35,4.98
75,1008,2024-04-07,395.26,8.16
76,1008,2024-04-23,167.49,0.8
77,1008,2023-12-19,86.93,9.21
78,1008,2024-04-17,261.33,2.08
79,1008,2024-05-29,47.97,7.68
80,1008,2023-10-26,96.51,2.18
81,1009,2023-09-02,293.21,-8.07
82,1009,2024-05-18,399.26,0.35
83,1009,2024-05-08,158.03,3.92
84,1009,2023-08-09,422.08,5.18
85,1009,2024-03-30,189.63,9.42
86,1009,2024-06-16,431.93,-4.61
87,1009,2024-04-06,118.99,8.36
88,1009,2024-03-13,21.03,8.03
89,1009,2024-04-13,57.48,8.6
90,1009,2023-10-02,222.8,-1.19
91,1010,2023-11-22,122.05,-0.05
92,1010,2023-10-25,26.54,7.01
93,1010,2023-08-26,178.35,2.11
94,1010,2023-10-19,372.23,4.18
95,1010,2024-02-19,415.02,9.68
96,1010,2024-06-23,186.06,0.8
97,1010,2023-07-04,21.67,7.01
98,1010,2024-05-15,327.33,8.81
99,1010,2023-11-13,222.17,-2.57
100,1010,2023-11-22,32.52,8.97
101,1011,2024-02-09,466.23,3.35
102,1011,2024-06-16,136.75,0.42
103,1011,2024-03-18,280.46,8.77
104,1011,2023-12-28,474.09,3.05
105,1011,2024-06-06,206.39,-9.3
106,1011,2024-04-05,367.36,9.26
107,1011,2023-07-20,182.03,1.6
108,1011,2023-09-23,423.79,-8.57
109,1011,2023-09-12,221.08,-7.79
110,1011,2024-02-05,291.7,9.61
111,1012,2023-07-13,102.92,8.69
112,1012,2023-07-15,236.29,7.83
113,1012,2023-07-08,325.17,4.69
114,1012,2023-07-19,267.61,2.26
115,1012,2023-07-20,66.78,-2.59
116,1012,2024-02-29,184.6,-5.46
117,1012,2024-03-07,455.79,-5.35
118,1012,2023-11-24,15.84,-5.8
119,1012,2023-07-30,232.26,-2.52
120,1012,2024-01-07,267.55,-4.56
121,1013,2024-03-28,399.95,-7.07
122,1013,2024-06-03,11.68,2.7
123,1013,2023-10-13,86.98,8.54
124,1013,2023-07-31,209.89,-1.98
125,1013,2024-01-21,302.3,-7.58
126,1013,2024-01-24,33.53,-5.68
127,1013,2024-06-12,480.26,8.38
128,1013,2023-11-08,426.66,6.37
129,1013,2023-11-30,375.6,-9.24
130,1013,2024-02-06,40.54,6.46
131,1014,2023-09-30,104.07,-6.14
132,1014,2023-11-12,139.44,-1.44
133,1014,2024-03-15,33.53,-7.67
134,1014,2024-02-19,205.84,5.42
135,1014,2024-01-07,304.98,3.55
136,1014,2024-01-18,127.16,9.51
137,1014,2023-11-21,347.98,-0.67
138,1014,2024-03-22,404.56,7.5
139,1014,2024-06-10,336.59,-3.32
140,1014,2024-02-08,334.64,-8.01
141,1015,2023-10-04,470.6,-1.39
142,1015,2024-04-28,276.04,-6.55
143,1015,2024-03-15,417.13,-5.62
144,1015,2024-02-20,129.24,9.27
145,1015,2023-09-27,453.61,-7.52
146,1015,2024-04-22,110.3,8.78
147,1015,2024-02-06,169.65,-5.3
148,1015,2023-07-14,130.9,3.18
149,1015,2024-03-27,252.28,-10.0
150,1015,2023-09-19,44.97,-7.03
151,1016,2024-03-30,307.7,1.86
152,1016,2023-09-17,138.39,-6.9
153,1016,2023-08-10,232.32,0.76
154,1016,2024-05-24,180.29,-0.59
155,1016,2023-12-28,185.54,4.11
156,1016,2024-02-06,53.95,9.64
157,1016,2023-12-19,147.33,2.89
158,1016,2023-12-13,91.48,-3.0
159,1016,2024-04-10,446.49,-1.58
160,1016,2023-09-02,56.47,-5.96
161,1017,2023-12-07,258.26,-3.57
162,1017,2023-11-03,413.1,2.36
163,1017,2024-01-05,257.68,4.99
164,1017,2023-08-30,381.98,-9.08
165,1017,2023-09-24,41.78,6.68
166,1017,2023-09-13,49.16,-2.2
167,1017,2023-07-29,307.22,-2.75
168,1017,2024-04-24,257.01,0.28
169,1017,2023-08-01,125.72,0.5
170,1017,2023-10-22,330.04,7.81
171,1018,2024-04-07,284.25,6.82
172,1018,2023-12-06,448.11,7.39
173,1018,2024-03-31,227.93,-9.18
174,1018,2023-07-25,277.35,5.89
175,1018,2024-06-12,334.65,-5.59
176,1018,2024-04-17,298.02,-9.49
177,1018,2023-11-27,243.56,-5.04
178,1018,2024-01-11,138.14,7.59
179,1018,2024-01-16,288.56,4.98
180,1018,2024-03-02,275.79,2.8
181,1019,2024-01-26,176.74,-6.09
182,1019,2024-03-05,279.52,-2.08
183,1019,2023-08-01,349.52,4.48
184,1019,2023-08-06,68.73,1.99
185,1019,2023-09-21,446.58,7.82
186,1019,2023-08-18,222.79,3.7
187,1019,2023-10-05,418.25,-2.11
188,1019,2023-08-22,83.47,-8.09
189,1019,2023-09-07,260.42,4.49
190,1019,2024-01-02,60.92,8.1
191,1020,2023-10-18,452.23,-0.82
192,1020,2023-07-17,14.0,0.4
193,1020,2024-01-24,471.83,-7.55
194,1020,2023-09-16,44.26,-4.21
195,1020,2023-07-01,64.06,3.26
196,1020,2023-09-16,372.82,-1.45
197,1020,2024-03-24,431.94,-5.33
198,1020,2023-11-23,138.16,3.81
199,1020,2023-10-05,93.99,3.25
200,1020,2023-10-11,74.81,1.41
201,1021,2024-05-24,30.05,7.65
202,1021,2024-04-15,498.39,-2.86
203,1021,2024-02-07,188.92,-0.29
204,1021,2023-08-19,465.03,0.82
205,1021,2023-10-10,478.74,3.57
206,1021,2024-06-06,329.99,-3.13
207,1021,2024-04-03,120.47,-6.6
208,1021,2023-08-03,440.53,-1.3
209,1021,2023-10-30,376.96,-9.66
210,1021,2023-10-08,113.33,6.81
211,1022,2023-08-12,58.08,0.18
212,1022,2024-05-30,378.02,-8.19
213,1022,2024-01-26,207.74,-8.66
214,1022,2023-10-17,45.15,-5.01
215,1022,2024-05-30,495.44,-2.2
216,1022,2024-02-24,74.89,7.3
217,1022,2023-12-24,389.03,-6.37
218,1022,2023-07-16,172.66,-9.16
219,1022,2023-08-08,491.2,-5.58
220,1022,2023-08-08,423.03,-2.03
221,1023,2023-11-26,61.54,-6.99
222,1023,2024-01-27,12.85,7.46
223,1023,2023-07-16,54.25,-7.74
224,1023,2023-12-01,357.54,-7.59
225,1023,2024-01-28,212.15,0.18
226,1023,2024-03-11,231.06,-3.83
227,1023,2024-03-03,128.06,3.83
228,1023,2023-12-20,481.81,3.73
229,1023,2024-03-19,420.23,-1.85
230,1023,2023-12-11,169.95,-6.25
231,1024,2023-11-24,446.59,7.85
232,1024,2023-11-14,405.44,-6.19
233,1024,2023-07-12,380.69,-4.6
234,1024,2024-01-07,417.0,2.21
235,1024,2024-02-06,479.59,3.81
236,1024,2023-07-25,420.89,-8.14
237,1024,2024-03-04,428.77,5.44
238,1024,2024-03-28,316.03,5.97
239,1024,2023-07-08,467.26,-5.28
240,1024,2023-09-28,137.4,-4.71
241,1025,2024-04-09,455.56,5.62
242,1025,2024-06-11,113.37,5.04
243,1025,2023-07-19,476.35,8.17
244,1025,2024-03-11,50.11,5.69
245,1025,2024-03-25,353.95,7.8
246,1025,2023-08-11,65.21,2.85
247,1025,2024-05-09,19.95,-2.71
248,1025,2023-12-07,331.99,5.64
249,1025,2024-01-09,261.51,-6.73
250,1025,2023-12-13,66.62,-1.43
251,1026,2024-06-13,133.46,-9.31
252,1026,2023-08-21,201.31,3.77
253,1026,2024-05-25,105.38,4.61
254,1026,2024-02-27,459.35,8.47
255,1026,2024-02-12,208.39,1.8
256,1026,2023-10-15,287.03,8.86
257,1026,2024-02-27,449.79,1.13
258,1026,2023-12-17,76.5,0.64
259,1026,2023-12-16,10.15,-6.39
260,1026,2023-07-18,293.45,3.5
261,1027,2023-10-14,252.13,3.02
262,1027,2023-07-28,170.15,-2.66
263,1027,2024-03-27,301.05,-9.44
264,1027,2023-10-23,422.07,4.38
265,1027,2023-10-17,139.62,6.99
266,1027,2024-06-16,323.92,-5.85
267,1027,2023-10-29,365.73,-8.12
268,1027,2024-04-02,125.77,2.4
269,1027,2024-01-21,44.56,-6.73
270,1027,2024-01-29,243.56,1.34
271,1028,2024-05-15,323.57,1.55
272,1028,2024-03-08,362.24,-1.75
273,1028,2023-09-05,408.38,7.06
274,1028,2023-06-25,129.79,-7.26
275,1028,2024-01-11,108.63,3.69
276,1028,2024-03-13,244.66,-4.07
277,1028,2024-05-26,262.37,-5.47
278,1028,2024-06-13,364.7,-3.63
279,1028,2023-11-04,228.88,4.01
280,1028,2023-08-03,374.55,-8.09
281,1029,2024-05-04,72.94,-2.81
282,1029,2023-08-18,82.08,5.71
283,1029,2023-07-18,101.09,9.69
284,1029,2024-04-30,128.28,2.14
285,1029,2023-12-26,251.29,-5.59
286,1029,2024-01-26,342.81,-7.13
287,1029,2024-06-13,102.74,-8.47
288,1029,2024-03-14,129.27,-6.33
289,1029,2023-10-06,15.92,0.74
290,1029,2023-08-02,205.43,7.02
291,1030,2024-05-20,58.47,9.93
292,1030,2023-09-15,267.55,-5.13
293,1030,2024-06-02,119.62,-2.68
294,1030,2023-09-15,92.33,0.35
295,1030,2024-06-22,36.69,7.27
296,1030,2023-08-09,96.05,-4.31
297,1030,2024-06-06,120.56,3.89
298,1030,2024-06-23,317.35,7.31
299,1030,2023-12-08,223.57,-9.66
300,1030,2023-12-22,340.29,-8.93
301,1031,2023-08-25,27.83,2.42
302,1031,2023-11-20,178.87,-0.96
303,1031,2023-11-27,335.89,-4.87
304,1031,2024-02-28,332.97,8.76
305,1031,2023-12-05,413.65,-9.28
306,1031,2024-06-09,226.23,-3.71
307,1031,2023-12-22,231.68,5.14
308,1031,2023-10-24,151.75,0.4
309,1031,2023-08-05,488.66,-4.3
310,1031,2024-01-09,442.63,-6.51
311,1032,2023-08-14,139.16,-1.79
312,1032,2023-12-25,205.92,7.5
313,1032,2024-02-12,127.33,6.07
314,1032,2024-01-08,18.61,0.02
315,1032,2024-01-18,488.03,9.57
316,1032,2023-08-25,357.47,-4.06
317,1032,2023-07-21,487.57,0.86
318,1032,2024-01-08,490.49,-5.95
319,1032,2024-04-08,14.51,3.04
320,1032,2023-07-21,273.54,-5.18
321,1033,2023-12-07,454.22,-7.37
322,1033,2024-02-05,348.69,-2.13
323,1033,2024-01-30,129.02,-8.67
324,1033,2024-06-20,469.15,2.0
325,1033,2023-11-14,234.21,-8.2
326,1033,2024-05-01,36.03,1.71
327,1033,2024-01-13,51.57,-6.61
328,1033,2023-07-10,312.23,-3.83
329,1033,2024-02-09,235.56,-7.92
330,1033,2023-09-12,259.92,3.97
331,1034,2024-05-27,487.38,-9.23
332,1034,2023-10-31,12.77,-7.31
333,1034,2023-11-12,327.28,7.23
334,1034,2023-12-19,140.53,-0.26
335,1034,2023-10-27,452.48,-3.11
336,1034,2023-08-16,83.81,7.44
337,1034,2024-04-03,221.11,6.29
338,1034,2023-11-12,390.09,-8.53
339,1034,2024-02-29,344.7,-1.37
340,1034,2024-03-16,21.18,1.06
341,1035,2023-08-23,108.58,-9.56
342,1035,2024-06-04,117.81,6.34
343,1035,2023-10-31,345.66,3.55
344,1035,2023-08-01,458.51,5.7
345,1035,2024-03-30,336.36,5.95
346,1035,2023-08-07,153.9,-2.37
347,1035,2023-10-17,61.53,-7.16
348,1035,2024-05-20,238.96,4.08
349,1035,2024-03-05,229.09,8.43
350,1035,2023-07-03,363.86,5.67
351,1036,2023-08-25,139.14,-2.88
352,1036,2023-12-19,447.36,3.3
353,1036,2024-05-20,433.34,-3.34
354,1036,2023-07-15,119.29,6.6
355,1036,2024-03-10,436.65,0.99
356,1036,2024-06-03,495.18,8.7
357,1036,2023-08-23,328.68,-0.74
358,1036,2023-07-27,428.67,-1.24
359,1036,2024-01-13,73.28,-1.1
360,1036,2024-02-04,354.02,-4.39
361,1037,2023-12-29,320.17,9.33
362,1037,2023-12-02,13.92,5.84
363,1037,2023-09-27,299.67,8.62
364,1037,2023-11-25,452.95,-7.35
365,1037,2024-01-29,273.49,-0.14
366,1037,2024-06-06,450.38,9.02
367,1037,2023-10-08,116.9,1.07
368,1037,2023-12-20,171.48,-4.99
369,1037,2023-12-02,264.9,4.26
370,1037,2023-08-29,303.72,0.48
371,1038,2024-01-28,373.51,3.02
372,1038,2024-06-06,241.45,8.55
373,1038,2023-12-16,269.04,6.46
374,1038,2024-05-08,115.36,-7.17
375,1038,2023-10-07,174.01,-7.38
376,1038,2024-05-17,211.9,-1.16
377,1038,2023-07-17,159.03,-7.52
378,1038,2023-08-12,246.06,2.09
379,1038,2024-05-10,477.57,-3.13
380,1038,2024-03-30,428.12,-9.58
381,1039,2023-10-19,444.36,6.36
382,1039,2023-09-05,87.58,-2.7
383,1039,2024-01-18,481.45,-3.22
384,1039,2023-07-27,262.2,4.97
385,1039,2023-12-11,266.41,-3.5
386,1039,2023-12-15,428.23,0.75
387,1039,2024-02-03,222.01,1.49
388,1039,2023-12-21,249.84,9.4
389,1039,2024-04-06,432.81,-0.16
390,1039,2024-01-21,410.33,-6.8
391,1040,2023-09-06,301.72,-6.91
392,1040,2023-07-01,17.79,-8.14
393,1040,2023-12-26,369.32,5.81
394,1040,2023-09-09,361.39,2.42
395,1040,2024-04-13,209.37,0.63
396,1040,2023-06-30,491.1,-0.94
397,1040,2023-08-12,267.43,-8.96
398,1040,2024-01-19,39.68,7.32
399,1040,2023-07-26,340.55,5.92
400,1040,2024-04-23,104.31,-6.71
401,1041,2024-04-22,267.85,1.61
402,1041,2023-10-20,154.19,-9.98
403,1041,2023-07-31,199.55,1.04
404,1041,2024-01-12,198.54,1.97
405,1041,2023-08-31,42.97,2.99
406,1041,2024-04-10,453.73,-7.07
407,1041,2024-05-27,429.22,-1.17
408,1041,2024-03-24,172.85,9.08
409,1041,2023-10-11,489.15,-1.28
410,1041,2024-02-08,278.3,4.34
411,1042,2024-01-12,165.47,-9.4
412,1042,2024-03-11,121.0,-5.73
413,1042,2024-03-25,417.36,-0.48
414,1042,2024-03-24,423.76,4.77
415,1042,2023-07-09,422.16,-2.08
416,1042,2024-03-19,491.72,1.2
417,1042,2023-11-10,200.76,0.96
418,1042,2024-01-16,487.33,2.25
419,1042,2023-09-21,289.62,6.44
420,1042,2023-09-22,44.75,5.42
421,1043,2023-10-27,280.16,-0.43
422,1043,2024-01-27,376.05,-8.42
423,1043,2023-12-07,442.88,0.67
424,1043,2023-10-28,397.56,-1.94
425,1043,2024-05-10,307.71,-2.76
426,1043,2023-12-23,90.32,-9.41
427,1043,2024-03-10,490.48,-7.46
428,1043,2024-06-20,358.96,8.99
429,1043,2023-10-29,235.38,-7.5
430,1043,2023-10-02,123.17,7.79
431,1044,2023-12-23,405.44,-6.98
432,1044,2024-01-09,410.79,-8.72
433,1044,2023-12-20,374.27,9.01
434,1044,2023-09-28,134.59,-7.97
435,1044,2023-09-30,10.35,-0.96
436,1044,2024-04-06,16.13,-0.59
437,1044,2024-04-05,483.07,2.62
438,1044,2024-01-17,297.49,1.16
439,1044,2024-04-29,134.78,4.05
440,1044,2024-01-25,263.54,-7.58
441,1045,2024-04-03,440.83,-4.6
442,1045,2024-06-20,485.94,1.45
443,1045,2023-07-13,364.69,4.99
444,1045,2023-06-27,36.49,3.7
445,1045,2023-09-27,162.77,1.23
446,1045,2024-02-02,57.9,-5.09
447,1045,2023-08-21,336.96,5.83
448,1045,2023-10-30,230.73,4.95
449,1045,2023-07-05,63.36,0.67
450,1045,2023-07-11,175.68,6.59
451,1046,2024-03-03,440.18,4.16
452,1046,2024-06-11,385.08,-5.05
453,1046,2023-09-09,425.77,-2.65
454,1046,2023-09-03,329.76,0.16
455,1046,2024-03-06,281.0,5.83
456,1046,2023-11-17,315.11,-2.91
457,1046,2023-07-21,77.11,2.17
458,1046,2023-08-05,342.85,-1.45
459,1046,2023-09-16,485.49,-6.57
460,1046,2024-01-05,365.59,1.73
461,1047,2024-03-17,85.73,-8.61
462,1047,2023-12-30,424.44,-7.59
463,1047,2024-06-16,282.1,2.5
464,1047,2024-02-10,460.28,7.76
465,1047,2024-03-29,152.47,7.69
466,1047,2023-11-21,368.37,-7.11
467,1047,2023-12-30,65.35,-2.5
468,1047,2023-12-22,488.71,1.45
469,1047,2024-01-29,290.57,8.09
470,1047,2023-09-21,238.21,-4.29
471,1048,2023-12-13,130.39,1.09
472,1048,2023-10-15,357.31,3.02
473,1048,2023-07-12,21.27,6.58
474,1048,2023-06-30,226.78,-5.58
475,1048,2023-12-31,100.4,7.42
476,1048,2023-09-05,484.98,3.44
477,1048,2024-06-08,468.79,4.66
478,1048,2023-07-09,469.2,2.98
479,1048,2024-02-08,218.19,-4.32
480,1048,2023-06-29,263.47,-2.11
481,1049,2023-11-20,67.02,-3.19
482,1049,2024-01-25,427.74,4.01
483,1049,2023-12-20,248.23,-1.32
484,1049,2024-01-10,295.54,-9.71
485,1049,2023-11-24,174.69,9.68
486,1049,2024-03-28,235.52,-0.36
487,1049,2024-01-25,427.4,2.75
488,1049,2023-09-15,352.49,-0.75
489,1049,2024-05-30,365.95,-0.71
490,1049,2024-06-22,367.67,-2.07
491,1050,2024-03-18,20.76,-4.66
492,1050,2024-06-18,164.29,5.19
493,1050,2024-01-24,321.44,-4.09
494,1050,2024-03-14,285.96,5.67
495,1050,2024-01-17,208.15,3.84
496,1050,2023-08-24,207.72,3.94
497,1050,2023-12-13,232.53,-2.43
498,1050,2023-10-19,483.34,1.82
499,1050,2024-01-04,132.57,-9.55
500,1050,2023-11-15,247.53,1.73
501,1051,2023-10-24,22.39,0.79
502,1051,2024-03-23,368.79,5.73
503,1051,2024-01-16,97.16,-9.38
504,1051,2023-10-20,61.0,0.55
505,1051,2023-09-15,152.88,3.34
506,1051,2024-05-25,324.32,-3.82
507,1051,2023-10-30,227.43,-9.78
508,1051,2023-07-13,67.18,8.3
509,1051,2024-04-07,420.74,0.45
510,1051,2024-01-31,94.25,5.08
511,1052,2023-08-11,372.43,1.44
512,1052,2023-07-04,393.74,-2.84
513,1052,2023-08-24,436.61,-5.21
514,1052,2023-11-30,301.47,-1.8
515,1052,2023-08-28,72.39,-3.37
516,1052,2023-07-24,444.83,-3.34
517,1052,2023-08-24,170.56,-9.93
518,1052,2023-12-05,211.45,-1.13
519,1052,2024-02-23,346.35,0.43
520,1052,2023-07-30,209.29,9.64
521,1053,2023-09-12,448.95,-3.8
522,1053,2024-03-02,150.42,1.11
523,1053,2023-12-26,51.05,1.21
524,1053,2023-11-03,223.6,-9.1
525,1053,2023-12-12,355.24,-0.61
526,1053,2023-10-07,57.79,4.37
527,1053,2024-03-16,406.37,-2.78
528,1053,2023-12-10,37.7,-0.61
529,1053,2024-05-28,441.68,-4.75
530,1053,2023-11-15,469.36,-0.07
531,1054,2023-09-17,16.48,7.03
532,1054,2023-07-05,493.89,6.52
533,1054,2023-12-26,440.76,-4.51
534,1054,2023-11-01,275.33,2.82
535,1054,2024-02-21,302.38,-7.45
536,1054,2023-12-25,90.91,-2.97
537,1054,2024-01-18,97.16,7.47
538,1054,2024-06-15,60.4,9.1
539,1054,2023-06-27,259.58,-8.17
540,1054,2023-08-24,147.39,-1.58
541,1055,2023-12-19,14.7,-6.46
542,1055,2024-01-14,380.7,-1.89
543,1055,2023-08-08,390.81,4.14
544,1055,2023-10-05,21.95,7.41
545,1055,2024-02-23,358.74,8.61
546,1055,2024-05-25,35.85,4.39
547,1055,2024-02-05,274.13,-1.36
548,1055,2023-08-18,38.29,-6.13
549,1055,2024-03-21,70.05,5.04
550,1055,2023-08-31,203.51,-8.92
551,1056,2023-09-24,465.91,-6.41
552,1056,2023-09-28,496.26,4.55
553,1056,2023-10-25,174.91,9.37
554,1056,2024-02-29,323.73,-6.64
555,1056,2024-03-25,14.4,-2.97
556,1056,2023-10-24,237.82,-3.36
557,1056,2023-12-02,211.88,6.84
558,1056,2023-07-10,98.03,0.06
559,1056,2024-06-16,322.32,-2.29
560,1056,2023-12-31,428.84,9.68
561,1057,2023-08-25,118.94,-6.13
562,1057,2024-04-08,160.95,1.57
563,1057,2024-03-17,378.99,0.08
564,1057,2024-05-09,387.0,-0.56
565,1057,2024-06-04,154.1,3.89
566,1057,2024-02-15,372.71,-9.11
567,1057,2023-07-22,179.49,-8.9
568,1057,2023-07-05,161.47,2.99
569,1057,2023-07-16,272.73,-3.86
570,1057,2024-01-08,313.92,9.27
571,1058,2023-11-22,363.81,-3.97
572,1058,2023-07-22,104.77,-0.66
573,1058,2024-04-25,461.28,-2.83
574,1058,2024-04-20,52.43,-2.2
575,1058,2023-09-08,135.5,-1.68
576,1058,2023-09-09,488.67,-7.29
577,1058,2024-05-14,261.52,6.36
578,1058,2023-11-05,331.01,5.48
579,1058,2024-05-31,337.41,4.83
580,1058,2023-10-11,44.6,-7.17
581,1059,2023-09-25,318.64,-7.45
582,1059,2024-04-10,276.82,-7.12
583,1059,2024-05-15,154.05,0.86
584,1059,2023-07-25,68.49,9.43
585,1059,2024-05-04,287.82,-0.01
586,1059,2023-07-15,478.41,-8.34
587,1059,2024-03-03,93.43,-0.6
588,1059,2023-10-10,457.06,-4.37
589,1059,2024-06-24,288.97,8.27
590,1059,2023-11-21,90.22,-6.78
591,1060,2024-04-05,441.76,-9.12
592,1060,2023-08-15,416.72,-3.08
593,1060,2024-06-17,433.81,2.24
594,1060,2024-05-24,466.02,-6.94
595,1060,2024-01-26,86.04,-6.69
596,1060,2024-01-04,15.27,0.26
597,1060,2023-12-24,486.07,1.04
598,1060,2023-10-07,469.21,-9.59
599,1060,2024-01-13,443.43,7.87
600,1060,2024-06-09,336.35,-4.74
601,1061,2023-09-05,140.5,6.32
602,1061,2024-04-02,233.87,-7.33
603,1061,2023-08-04,472.46,-1.51
604,1061,2023-10-04,106.14,6.61
605,1061,2024-06-13,144.47,8.07
606,1061,2023-09-21,31.77,-4.61
607,1061,2023-10-14,132.5,9.97
608,1061,2023-09-27,369.87,1.79
609,1061,2024-01-27,81.79,2.91
610,1061,2024-05-19,104.41,-1.0
611,1062,2024-02-24,262.16,-4.02
612,1062,2023-07-03,487.43,-8.41
613,1062,2024-03-12,419.14,-8.38
614,1062,2024-05-28,261.81,5.05
615,1062,2024-01-29,120.8,-1.63
616,1062,2023-07-23,480.77,8.59
617,1062,2024-01-20,310.73,-8.08
618,1062,2023-12-20,112.47,-4.78
619,1062,2024-04-29,41.56,4.96
620,1062,2024-06-08,214.99,9.93
621,1063,2024-03-31,407.09,-5.58
622,1063,2024-03-17,58.49,0.18
623,1063,2023-12-25,204.25,1.46
624,1063,2024-04-07,239.45,3.15
625,1063,2023-08-02,235.98,-4.6
626,1063,2023-07-22,185.37,6.41
627,1063,2023-12-19,113.36,8.21
628,1063,2024-04-29,329.87,-5.28
629,1063,2024-01-01,244.31,7.25
630,1063,2024-03-01,406.87,4.72
631,1064,2024-03-21,337.3,2.42
632,1064,2024-03-13,86.91,2.92
633,1064,2024-04-11,370.14,7.58
634,1064,2024-05-07,160.31,3.42
635,1064,2024-02-12,145.47,2.48
636,1064,2023-12-15,153.44,-5.29
637,1064,2023-10-16,14.99,8.09
638,1064,2024-05-10,408.42,5.09
639,1064,2023-09-22,409.95,-3.26
640,1064,2023-07-03,48.39,4.74
641,1065,2023-11-27,388.36,4.09
642,1065,2024-05-30,121.88,0.43
643,1065,2023-08-14,201.14,-3.53
644,1065,2024-05-03,455.88,1.68
645,1065,2024-01-27,167.11,-4.11
646,1065,2024-06-08,49.79,2.12
647,1065,2024-02-04,351.76,-1.51
648,1065,2023-11-13,134.35,-5.0
649,1065,2024-04-02,497.46,4.92
650,1065,2024-02-04,482.44,-4.46
651,1066,2023-09-08,271.18,-8.12
652,1066,2024-04-24,220.99,2.91
653,1066,2024-05-20,323.07,-1.32
654,1066,2024-04-02,251.23,-6.88
655,1066,2024-06-09,87.25,-7.98
656,1066,2024-06-08,208.68,3.59
657,1066,2024-01-14,214.05,6.78
658,1066,2024-04-22,403.58,-5.29
659,1066,2023-09-15,344.1,-4.42
660,1066,2023-10-16,459.33,-5.44
661,1067,2023-12-21,88.36,-4.7
662,1067,2024-03-22,485.08,4.61
663,1067,2024-05-31,122.95,-3.99
664,1067,2024-01-21,316.32,-5.73
665,1067,2023-08-22,379.63,9.25
666,1067,2023-08-25,467.17,3.91
667,1067,2024-04-03,90.51,0.59
668,1067,2024-01-25,466.09,-4.65
669,1067,2024-02-24,167.98,9.45
670,1067,2024-03-04,101.27,-0.36
671,1068,2023-10-12,65.83,2.73
672,1068,2023-10-22,435.54,4.72
673,1068,2023-08-01,318.31,-9.23
674,1068,2023-11-20,37.75,-5.07
675,1068,2024-05-26,69.23,-8.41
676,1068,2023-12-12,237.07,1.59
677,1068,2023-07-25,429.15,-3.33
678,1068,2023-09-04,485.97,-0.8
679,1068,2024-02-17,45.04,3.61
680,1068,2023-12-23,205.23,-7.64
681,1069,2023-09-13,347.27,-9.0
682,1069,2023-08-24,74.8,5.96
683,1069,2024-06-13,57.41,-6.96
684,1069,2024-05-15,121.76,-0.98
685,1069,2023-11-25,22.34,6.36
686,1069,2023-08-31,41.97,-7.32
687,1069,2024-03-25,195.93,1.16
688,1069,2023-10-18,22.0,-8.11
689,1069,2024-04-07,353.26,4.54
690,1069,2023-10-23,334.3,9.3
691,1070,2023-07-14,428.94,4.71
692,1070,2024-01-13,486.36,2.84
693,1070,2024-02-24,398.12,-9.89
694,1070,2023-12-29,410.25,-7.68
695,1070,2024-05-01,51.99,-2.35
696,1070,2024-03-01,207.13,-3.25
697,1070,2023-07-02,46.61,9.94
698,1070,2023-11-10,243.8,9.33
699,1070,2024-04-26,422.32,7.05
700,1070,2024-02-08,480.19,-1.88
701,1071,2024-03-10,37.03,-5.61
702,1071,2024-04-02,481.25,3.61
703,1071,2023-09-30,246.23,4.61
704,1071,2023-08-09,251.69,-8.86
705,1071,2023-09-10,145.97,9.68
706,1071,2023-09-05,486.28,-6.82
707,1071,2023-07-09,186.84,4.17
708,1071,2024-02-05,439.88,8.12
709,1071,2023-12-03,492.93,2.85
710,1071,2023-12-23,53.76,-0.24
711,1072,2023-07-15,270.59,2.85
712,1072,2023-10-12,67.32,-7.27
713,1072,2024-05-22,340.84,4.99
714,1072,2024-03-09,320.38,-0.78
715,1072,2023-10-30,445.6,-6.74
716,1072,2023-10-14,490.42,-3.95
717,1072,2023-10-27,382.89,-9.83
718,1072,2023-09-10,256.33,-3.05
719,1072,2023-09-29,217.21,-3.4
720,1072,2024-05-03,40.93,7.94
721,1073,2024-04-16,126.7,0.44
722,1073,2023-10-16,184.62,-0.79
723,1073,2024-06-11,45.13,6.54
724,1073,2024-03-13,10.54,-7.52
725,1073,2024-03-25,50.04,-7.48
726,1073,2024-05-20,217.75,7.36
727,1073,2023-10-02,59.15,-7.05
728,1073,2023-10-12,484.04,-2.05
729,1073,2024-05-15,335.22,5.75
730,1073,2023-12-21,35.67,1.66
731,1074,2024-01-15,53.87,-5.07
732,1074,2023-08-08,467.2,-6.23
733,1074,2023-09-16,429.16,1.23
734,1074,2024-01-09,139.2,-4.04
735,1074,2023-11-24,95.31,-8.33
736,1074,2023-11-24,143.61,-9.12
737,1074,2023-11-25,469.3,7.57
738,1074,2023-11-02,393.83,-6.3
739,1074,2023-08-29,339.75,6.22
740,1074,2024-04-21,290.57,9.47
741,1075,2024-05-14,345.42,7.91
742,1075,2023-10-22,299.45,5.58
743,1075,2024-03-13,324.23,8.73
744,1075,2023-11-04,250.89,-2.83
745,1075,2023-06-28,339.94,-0.76
746,1075,2023-08-22,364.64,5.04
747,1075,2023-09-25,396.11,-8.72
748,1075,2024-05-01,467.0,4.31
749,1075,2023-09-20,371.49,5.8
750,1075,2023-07-25,58.26,3.97
751,1076,2024-02-22,42.91,-7.68
752,1076,2024-02-03,287.52,-1.85
753,1076,2024-02-28,425.27,4.31
754,1076,2023-10-31,479.82,-8.49
755,1076,2024-02-10,32.8,-9.55
756,1076,2023-12-13,441.89,7.34
757,1076,2024-04-06,128.17,8.06
758,1076,2023-08-09,455.42,-4.24
759,1076,2024-04-09,52.27,5.79
760,1076,2023-11-07,84.49,-0.06
761,1077,2023-08-31,119.67,1.74
762,1077,2024-05-31,257.97,-6.6
763,1077,2024-02-15,123.82,2.53
764,1077,2023-12-08,166.86,-2.35
765,1077,2024-06-12,480.25,0.38
766,1077,2024-02-01,295.83,0.02
767,1077,2024-04-08,395.72,-1.51
768,1077,2024-02-01,164.41,-7.5
769,1077,2023-08-17,276.57,8.0
770,1077,2024-06-24,83.57,-5.11
771,1078,2023-09-26,198.88,4.54
772,1078,2024-01-10,74.08,-3.8
773,1078,2024-03-04,491.31,-9.61
774,1078,2023-11-19,52.77,6.38
775,1078,2024-01-05,318.44,-0.52
776,1078,2023-07-26,255.69,-4.88
777,1078,2024-06-23,201.36,-7.35
778,1078,2024-02-15,314.93,-1.55
779,1078,2023-09-22,54.22,-7.99
780,1078,2024-04-05,468.38,8.17
781,1079,2024-03-02,271.69,-8.67
782,1079,2024-06-14,161.26,-6.94
783,1079,2023-09-12,84.92,-1.31
784,1079,2023-08-27,391.01,-1.34
785,1079,2024-03-07,289.82,-5.4
786,1079,2023-09-07,382.34,-9.46
787,1079,2024-03-14,267.98,9.07
788,1079,2023-10-23,51.23,-0.92
789,1079,2023-07-01,366.16,-1.53
790,1079,2024-01-21,217.78,1.97
791,1080,2023-07-30,232.05,-1.45
792,1080,2023-09-27,126.85,-5.17
793,1080,2023-09-16,341.33,-3.57
794,1080,2023-12-20,266.75,-1.48
795,1080,2024-03-12,336.05,-6.7
796,1080,2024-03-23,187.73,3.86
797,1080,2023-07-17,285.18,-1.06
798,1080,2024-01-14,465.55,-1.4
799,1080,2024-02-03,250.35,5.98
800,1080,2024-06-20,360.83,-7.54
801,1081,2024-01-02,236.2,0.66
802,1081,2024-05-17,396.82,-8.5
803,1081,2023-09-16,312.91,-0.15
804,1081,2023-08-25,66.01,2.15
805,1081,2024-03-13,263.6,7.5
806,1081,2024-05-02,436.97,5.01
807,1081,2023-08-10,339.01,8.38
808,1081,2024-03-16,273.77,-3.35
809,1081,2023-11-30,127.13,-9.11
810,1081,2024-04-26,142.45,3.56
811,1082,2024-04-19,495.94,5.44
812,1082,2024-05-27,494.98,-4.65
813,1082,2023-10-20,117.88,-3.19
814,1082,2023-12-23,356.08,-3.51
815,1082,2023-12-29,61.1,-2.96
816,1082,2023-07-14,206.18,6.97
817,1082,2024-01-29,486.5,-0.12
818,1082,2023-10-22,82.82,-2.64
819,1082,2023-11-29,132.55,5.82
820,1082,2023-10-01,93.03,-3.63
821,1083,2023-11-23,166.15,4.44
822,1083,2024-04-18,78.65,-7.62
823,1083,2024-02-08,199.27,3.61
824,1083,2023-08-19,358.83,9.19
825,1083,2023-09-03,331.5,-2.79
826,1083,2023-06-30,356.54,-6.77
827,1083,2024-02-10,69.39,0.44
828,1083,2023-10-13,36.38,4.97
829,1083,2023-12-24,99.68,0.13
830,1083,2024-05-21,72.03,9.73
831,1084,2024-03-14,456.68,9.77
832,1084,2023-08-05,41.3,-8.39
833,1084,2023-08-11,443.58,-8.5
834,1084,2024-04-24,161.04,6.42
835,1084,2023-09-09,217.76,0.99
836,1084,2024-04-23,269.7,8.35
837,1084,2024-03-25,77.42,1.27
838,1084,2023-07-23,64.2,-0.82
839,1084,2023-07-01,38.51,3.4
840,1084,2023-08-30,294.92,-7.11
841,1085,2024-01-16,408.76,2.9
842,1085,2023-09-22,269.78,5.73
843,1085,2023-07-04,123.12,-0.52
844,1085,2024-05-14,190.34,0.52
845,1085,2023-09-08,466.48,-3.62
846,1085,2024-02-10,103.63,-2.88
847,1085,2023-10-07,120.97,-8.76
848,1085,2024-02-02,83.12,5.05
849,1085,2024-02-06,172.94,-1.05
850,1085,2023-10-26,60.86,-6.75
851,1086,2024-03-09,487.76,1.06
852,1086,2024-04-18,300.23,-1.9
853,1086,2024-05-06,430.54,7.95
854,1086,2024-03-07,101.85,-0.78
855,1086,2023-08-31,251.99,2.33
856,1086,2023-09-04,394.49,-3.95
857,1086,2023-09-22,329.81,-2.36
858,1086,2023-10-10,442.91,-0.13
859,1086,2024-02-23,402.79,8.63
860,1086,2023-08-04,43.76,1.78
861,1087,2023-12-23,477.94,3.44
862,1087,2024-05-31,343.29,-3.57
863,1087,2024-01-14,45.35,-4.06
864,1087,2024-01-21,389.56,8.37
865,1087,2024-05-31,209.88,0.35
866,1087,2024-04-24,42.19,7.64
867,1087,2023-07-17,464.37,1.05
868,1087,2023-07-05,227.39,0.9
869,1087,2023-08-17,82.83,-8.1
870,1087,2023-09-06,53.98,-0.34
871,1088,2024-05-31,157.66,4.02
872,1088,2024-02-12,458.0,2.94
873,1088,2023-10-15,432.92,5.0
874,1088,2023-12-15,416.27,-1.58
875,1088,2023-08-19,302.16,2.07
876,1088,2024-03-06,438.14,1.16
877,1088,2023-11-21,38.47,0.37
878,1088,2024-06-04,428.64,5.91
879,1088,2023-09-28,129.17,7.41
880,1088,2023-08-01,211.21,-0.19
881,1089,2023-12-17,64.38,-9.43
882,1089,2023-08-18,235.23,3.13
883,1089,2024-04-01,492.85,4.54
884,1089,2023-12-24,61.89,5.18
885,1089,2023-07-27,104.54,-0.5
886,1089,2023-10-12,438.62,-6.1
887,1089,2023-12-02,357.71,-5.56
888,1089,2024-05-16,460.32,6.78
889,1089,2024-01-01,409.54,7.79
890,1089,2024-04-02,287.9,-8.63
891,1090,2024-02-23,180.31,-3.61
892,1090,2023-09-03,224.36,-0.3
893,1090,2023-10-17,77.77,0.87
894,1090,2024-01-01,76.98,-3.32
895,1090,2023-10-17,276.9,-5.17
896,1090,2024-01-31,29.04,-6.44
897,1090,2023-12-20,388.24,-2.77
898,1090,2023-07-22,277.78,2.0
899,1090,2024-03-19,41.2,-2.84
900,1090,2023-07-19,231.34,-1.12
901,1091,2023-10-12,478.5,-7.0
902,1091,2024-05-08,442.13,-9.12
903,1091,2023-08-26,329.07,2.92
904,1091,2024-05-02,486.47,6.89
905,1091,2023-07-05,301.68,-3.75
906,1091,2024-02-16,370.16,-2.99
907,1091,2023-08-05,321.55,-4.02
908,1091,2023-07-29,412.97,-6.81
909,1091,2024-02-07,22.65,-4.03
910,1091,2024-04-21,442.72,-9.66
911,1092,2024-06-02,363.39,-2.3
912,1092,2024-02-11,470.06,-3.29
913,1092,2024-03-06,103.57,-5.87
914,1092,2023-08-11,47.64,-8.09
915,1092,2024-06-03,298.09,-7.25
916,1092,2024-02-20,97.82,3.03
917,1092,2023-12-13,465.48,4.65
918,1092,2023-10-01,245.33,-4.05
919,1092,2023-06-25,95.9,-4.93
920,1092,2023-11-19,446.25,9.42
921,1093,2023-08-09,74.3,2.79
922,1093,2023-11-07,420.69,-3.54
923,1093,2023-07-21,439.82,-9.02
924,1093,2023-08-31,63.52,-0.59
925,1093,2024-04-19,105.57,-6.89
926,1093,2024-01-30,96.57,5.87
927,1093,2024-03-25,326.08,5.25
928,1093,2023-11-02,64.04,-3.48
929,1093,2023-10-14,15.94,2.98
930,1093,2023-07-10,125.67,8.31
931,1094,2024-06-15,409.92,-5.43
932,1094,2024-06-12,24.17,-5.58
933,1094,2024-04-08,484.19,-3.64
934,1094,2023-10-23,460.39,-3.35
935,1094,2024-04-11,85.44,-4.32
936,1094,2024-02-06,299.0,-4.04
937,1094,2024-01-08,75.7,-9.58
938,1094,2024-03-31,493.61,3.73
939,1094,2023-09-29,251.27,1.81
940,1094,2024-02-25,245.61,-4.82
941,1095,2024-06-14,204.68,-6.7
942,1095,2023-11-28,406.84,-6.76
943,1095,2023-12-28,84.1,-9.78
944,1095,2024-06-21,190.44,3.18
945,1095,2024-06-15,10.9,-9.09
946,1095,2023-12-21,191.71,-8.17
947,1095,2023-08-01,322.76,1.03
948,1095,2023-07-05,429.21,-8.17
949,1095,2024-05-29,199.05,-2.25
950,1095,2023-08-17,17.49,8.43
951,1096,2024-02-12,36.97,-6.5
952,1096,2023-08-30,335.43,7.45
953,1096,2023-10-23,219.51,9.19
954,1096,2024-03-26,181.68,1.75
955,1096,2024-05-01,446.16,-7.69
956,1096,2023-09-20,496.9,2.28
957,1096,2024-02-13,172.48,-6.25
958,1096,2024-01-28,293.71,5.58
959,1096,2024-01-01,90.49,-3.49
960,1096,2023-12-26,108.01,-6.13
961,1097,2024-03-26,422.81,-5.82
962,1097,2023-10-31,17.39,0.47
963,1097,2023-08-21,156.14,-2.82
964,1097,2024-02-06,104.41,-4.09
965,1097,2023-11-29,97.95,-9.84
966,1097,2024-05-14,137.07,4.69
967,1097,2024-01-12,24.28,-7.56
968,1097,2023-11-07,195.31,-8.91
969,1097,2024-06-01,243.83,-1.85
970,1097,2024-06-22,26.22,9.48
971,1098,2024-01-25,288.59,5.33
972,1098,2023-10-06,156.6,-8.71
973,1098,2024-04-17,467.01,2.75
974,1098,2023-11-23,78.14,-5.14
975,1098,2023-09-08,59.75,3.59
976,1098,2024-04-07,198.14,-1.02
977,1098,2023-08-22,55.29,1.04
978,1098,2023-09-24,446.96,-7.75
979,1098,2023-07-29,413.88,-6.22
980,1098,2023-07-04,306.36,0.98
981,1099,2024-01-27,99.32,8.19
982,1099,2024-05-02,349.87,3.32
983,1099,2024-02-17,276.72,-2.57
984,1099,2023-09-12,164.14,2.11
985,1099,2023-11-05,229.98,-8.06
986,1099,2024-06-04,102.72,-9.7
987,1099,2024-03-24,477.35,1.39
988,1099,2024-03-29,99.55,-4.51
989,1099,2023-07-21,416.6,-6.15
990,1099,2024-04-18,471.98,1.3
991,1100,2024-05-05,42.01,-3.62
992,1100,2023-09-13,237.13,-6.79
993,1100,2024-02-04,444.16,-5.57
994,1100,2024-04-22,491.71,2.28
995,1100,2023-09-13,380.98,2.23
996,1100,2024-05-25,322.64,3.57
997,1100,2024-01-01,431.26,-3.27
998,1100,2024-03-14,194.51,-8.35
999,1100,2024-03-07,101.71,8.8
1000,1100,2024-03-20,245.88,2.66
1001,1101,2023-08-04,51.75,-2.0
1002,1101,2024-01-24,302.7,2.16
1003,1101,2024-04-30,210.53,9.71
1004,1101,2024-06-18,280.39,8.08
1005,1101,2023-06-28,50.19,7.02
1006,1101,2024-06-09,211.36,5.82
1007,1101,2023-07-19,26.53,9.74
1008,1101,2024-01-07,329.77,-6.83
1009,1101,2024-06-07,222.37,8.79
1010,1101,2023-12-15,285.8,4.74
1011,1102,2024-03-18,99.33,-5.34
1012,1102,2023-07-14,259.47,1.67
1013,1102,2024-01-31,106.21,8.78
1014,1102,2023-08-30,137.52,-3.32
1015,1102,2023-07-10,53.15,-0.73
1016,1102,2024-06-21,169.76,-7.31
1017,1102,2024-06-08,273.11,7.45
1018,1102,2024-04-18,158.36,-7.36
1019,1102,2023-09-16,463.4,7.1
1020,1102,2024-01-23,21.04,9.49
1021,1103,2024-03-16,105.91,-3.68
1022,1103,2023-08-08,480.64,-4.54
1023,1103,2024-02-18,161.16,-3.96
1024,1103,2024-03-27,110.64,2.68
1025,1103,2023-09-20,393.56,6.36
1026,1103,2024-03-31,465.65,1.39
1027,1103,2024-04-19,327.75,3.7
1028,1103,2024-01-21,67.3,-2.03
1029,1103,2023-12-14,185.73,-8.92
1030,1103,2023-11-04,333.98,-5.42
1031,1104,2023-08-12,94.02,-2.04
1032,1104,2024-01-01,417.8,-1.81
1033,1104,2024-06-13,33.3,7.72
1034,1104,2024-05-02,367.8,0.68
1035,1104,2023-07-26,205.27,-1.24
1036,1104,2024-06-11,393.76,7.82
1037,1104,2024-02-07,407.03,1.47
1038,1104,2023-08-05,387.28,7.01
1039,1104,2023-06-29,466.43,3.48
1040,1104,2023-09-20,200.28,9.03
1041,1105,2023-08-02,37.3,4.33
1042,1105,2023-12-27,194.99,-9.2
1043,1105,2023-07-21,277.73,-4.51
1044,1105,2023-06-28,449.9,-1.98
1045,1105,2024-02-29,178.36,7.57
1046,1105,2024-03-01,220.72,2.62
1047,1105,2024-02-26,491.73,-6.72
1048,1105,2023-07-05,332.92,-9.26
1049,1105,2024-02-03,441.86,2.06
1050,1105,2023-08-03,326.39,-8.94
1051,1106,2023-12-21,419.28,-9.0
1052,1106,2024-03-17,157.42,-9.31
1053,1106,2023-08-16,338.46,6.81
1054,1106,2024-03-01,179.08,-8.67
1055,1106,2023-10-29,335.53,-3.96
1056,1106,2024-01-28,342.33,-7.29
1057,1106,2024-05-25,369.78,9.45
1058,1106,2023-12-18,136.54,-7.36
1059,1106,2023-08-03,212.71,-7.89
1060,1106,2023-10-02,356.63,-3.59
1061,1107,2024-04-26,39.47,-2.0
1062,1107,2024-01-27,88.64,-3.71
1063,1107,2024-04-01,344.17,9.65
1064,1107,2023-07-01,167.73,5.63
1065,1107,2023-07-26,253.66,8.23
1066,1107,2024-06-02,291.82,-7.25
1067,1107,2023-12-17,454.95,8.23
1068,1107,2024-05-26,149.45,6.13
1069,1107,2024-02-28,239.75,-0.94
1070,1107,2024-01-18,472.53,-3.08
1071,1108,2023-09-13,262.97,-4.38
1072,1108,2024-06-16,130.78,-8.04
1073,1108,2024-05-17,285.12,-5.4
1074,1108,2023-11-22,227.56,4.53
1075,1108,2024-04-28,325.09,-1.03
1076,1108,2024-03-11,440.89,8.56
1077,1108,2023-07-26,266.63,2.39
1078,1108,2024-04-22,264.73,-6.23
1079,1108,2023-10-06,394.92,0.87
1080,1108,2024-03-16,362.7,-0.84
1081,1109,2024-03-21,17.92,-0.21
1082,1109,2023-11-18,182.28,9.91
1083,1109,2023-07-15,450.06,5.73
1084,1109,2024-03-04,295.96,5.96
1085,1109,2024-06-20,373.98,-8.68
1086,1109,2023-10-14,99.52,3.19
1087,1109,2024-02-22,488.96,-4.79
1088,1109,2024-02-01,141.18,7.17
1089,1109,2023-12-13,495.32,3.51
1090,1109,2024-05-14,313.04,-2.5
1091,1110,2024-06-19,137.66,1.4
1092,1110,2024-06-04,334.24,-1.52
1093,1110,2023-10-25,475.84,-4.05
1094,1110,2024-02-27,467.11,-9.72
1095,1110,2023-12-06,463.42,-7.32
1096,1110,2024-06-19,461.27,8.66
1097,1110,2023-08-08,197.91,-7.74
1098,1110,2023-12-21,396.8,-8.85
1099,1110,2024-03-13,27.43,-5.31
1100,1110,2023-12-17,126.3,2.39
1101,1111,2023-10-26,108.58,0.2
1102,1111,2023-12-25,389.37,3.48
1103,1111,2023-10-16,442.06,3.11
1104,1111,2023-10-11,461.56,-4.17
1105,1111,2023-12-26,219.35,1.41
1106,1111,2024-02-11,13.71,4.0
1107,1111,2023-11-30,83.78,-2.56
1108,1111,2024-06-02,195.06,-5.83
1109,1111,2024-03-13,185.07,-6.38
1110,1111,2024-05-31,306.34,-6.91
1111,1112,2023-09-17,324.68,3.82
1112,1112,2024-02-28,348.72,8.57
1113,1112,2024-02-21,462.99,9.54
1114,1112,2024-06-20,299.47,-9.76
1115,1112,2024-05-28,328.85,5.15
1116,1112,2023-09-16,442.46,7.23
1117,1112,2024-01-29,274.63,-9.26
1118,1112,2023-12-21,160.7,-1.2
1119,1112,2023-09-30,188.74,-4.43
1120,1112,2024-01-07,91.8,1.4
1121,1113,2024-03-10,212.8,9.57
1122,1113,2023-12-07,464.88,-8.63
1123,1113,2023-07-07,154.61,-9.42
1124,1113,2024-05-03,492.2,-8.61
1125,1113,2023-08-30,445.26,5.36
1126,1113,2024-04-07,262.42,1.46
1127,1113,2024-04-09,350.93,-4.62
1128,1113,2024-04-30,145.09,-7.68
1129,1113,2023-12-10,287.41,-4.77
1130,1113,2023-09-22,392.55,-4.83
1131,1114,2023-08-23,108.34,-1.1
1132,1114,2023-07-25,309.82,-7.27
1133,1114,2023-11-02,479.6,7.96
1134,1114,2024-01-17,206.13,-8.62
1135,1114,2023-08-29,106.88,-7.29
1136,1114,2023-09-06,280.25,-1.86
1137,1114,2024-04-14,60.35,7.53
1138,1114,2024-04-30,142.24,-3.73
1139,1114,2024-05-14,396.33,9.14
1140,1114,2024-03-09,171.13,4.88
1141,1115,2024-02-20,287.28,7.4
1142,1115,2023-08-06,460.53,-5.3
1143,1115,2024-02-26,252.08,-2.05
1144,1115,2024-06-23,328.61,-0.19
1145,1115,2023-11-22,453.44,8.24
1146,1115,2024-02-28,147.36,-9.12
1147,1115,2023-09-29,208.65,1.14
1148,1115,2023-07-04,154.4,-0.37
1149,1115,2023-10-21,161.06,-6.48
1150,1115,2024-03-31,159.08,-1.58
1151,1116,2024-05-11,365.52,-7.29
1152,1116,2023-06-27,436.68,7.7
1153,1116,2024-01-28,426.3,0.94
1154,1116,2024-04-21,363.43,-0.31
1155,1116,2024-01-18,400.72,2.29
1156,1116,2023-08-03,286.01,1.79
1157,1116,2023-10-17,124.75,-7.76
1158,1116,2023-10-01,145.31,-6.75
1159,1116,2024-01-17,256.53,-6.44
1160,1116,2023-11-29,194.27,4.08
1161,1117,2024-04-17,397.53,8.94
1162,1117,2023-12-28,380.86,4.93
1163,1117,2023-09-17,416.67,5.56
1164,1117,2024-05-23,374.99,4.35
1165,1117,2024-02-03,427.39,-5.13
1166,1117,2024-03-15,159.15,-6.56
1167,1117,2023-08-28,238.99,9.26
1168,1117,2023-07-14,89.66,6.19
1169,1117,2023-12-03,61.68,-5.12
1170,1117,2023-10-26,94.51,2.81
1171,1118,2024-03-14,137.94,4.43
1172,1118,2024-05-02,169.27,2.49
1173,1118,2023-11-28,185.44,-0.5
1174,1118,2024-06-24,128.48,2.81
1175,1118,2024-02-26,64.35,1.26
1176,1118,2024-05-23,482.43,-4.72
1177,1118,2023-11-08,70.96,0.4
1178,1118,2024-03-08,201.79,-2.56
1179,1118,2024-01-28,398.68,-6.02
1180,1118,2023-09-26,174.93,-2.37
1181,1119,2024-04-10,389.13,-3.0
1182,1119,2024-05-02,279.23,8.0
1183,1119,2024-02-26,101.65,1.2
1184,1119,2024-02-20,384.83,-9.17
1185,1119,2024-03-19,206.34,0.44
1186,1119,2024-04-02,419.12,-8.46
1187,1119,2023-09-03,261.64,-0.61
1188,1119,2024-06-16,32.82,7.98
1189,1119,2023-08-03,78.19,-6.68
1190,1119,2023-11-29,218.44,7.78
1191,1120,2024-05-23,154.12,3.65
1192,1120,2024-04-24,398.62,-0.56
1193,1120,2023-06-26,101.84,-8.95
1194,1120,2024-06-24,32.2,-2.33
1195,1120,2024-04-20,287.67,-0.24
1196,1120,2023-07-21,322.78,0.79
1197,1120,2024-02-04,305.93,1.23
1198,1120,2023-06-28,240.08,-7.16
1199,1120,2024-06-01,65.1,1.7
1200,1120,2024-01-20,75.08,7.34
1201,1121,2024-05-15,47.14,8.78
1202,1121,2023-09-18,213.88,4.13
1203,1121,2023-12-01,200.72,9.77
1204,1121,2023-10-08,291.76,6.52
1205,1121,2023-07-12,449.23,5.34
1206,1121,2024-06-06,444.5,-3.98
1207,1121,2023-12-30,347.55,6.09
1208,1121,2024-06-12,431.1,-3.69
1209,1121,2023-07-30,252.42,-7.14
1210,1121,2024-01-23,488.03,-8.34
1211,1122,2024-01-20,483.75,7.8
1212,1122,2024-06-18,232.21,1.73
1213,1122,2023-08-31,207.43,-2.42
1214,1122,2024-03-07,364.93,-3.34
1215,1122,2023-11-03,29.68,2.36
1216,1122,2023-08-22,23.62,9.43
1217,1122,2023-12-03,102.36,-1.92
1218,1122,2023-09-10,265.13,-4.55
1219,1122,2023-12-04,389.25,-9.81
1220,1122,2024-03-14,333.09,-8.93
1221,1123,2023-09-30,13.48,-4.04
1222,1123,2023-11-10,272.1,-1.51
1223,1123,2024-04-05,47.71,2.82
1224,1123,2024-05-21,477.23,1.37
1225,1123,2024-03-23,115.99,9.98
1226,1123,2024-05-26,325.65,-3.5
1227,1123,2023-09-07,34.48,-6.03
1228,1123,2023-07-13,351.99,-8.92
1229,1123,2024-06-18,479.45,0.72
1230,1123,2023-12-10,303.43,4.38
1231,1124,2024-02-05,279.44,-8.15
1232,1124,2023-12-19,342.43,8.16
1233,1124,2023-11-11,47.48,9.33
1234,1124,2024-01-23,311.59,-1.44
1235,1124,2023-09-07,60.89,3.67
1236,1124,2024-04-11,357.01,3.49
1237,1124,2024-04-09,272.01,4.86
1238,1124,2024-04-13,299.06,-8.38
1239,1124,2023-07-29,231.4,-0.56
1240,1124,2024-04-19,28.12,8.66
1241,1125,2023-11-13,254.1,5.19
1242,1125,2024-02-23,439.0,-4.69
1243,1125,2023-12-21,307.72,-5.96
1244,1125,2024-02-13,401.05,-9.33
1245,1125,2024-06-23,116.33,1.25
1246,1125,2024-03-06,58.85,-4.39
1247,1125,2024-02-04,121.33,-6.61
1248,1125,2024-01-07,48.29,-0.5
1249,1125,2023-12-05,468.72,-1.74
1250,1125,2024-05-22,473.02,4.24
1251,1126,2024-06-18,213.6,2.41
1252,1126,2023-08-09,48.18,-0.16
1253,1126,2024-03-23,354.35,9.49
1254,1126,2024-03-25,346.15,0.05
1255,1126,2024-03-17,398.0,-9.21
1256,1126,2024-05-22,299.39,8.46
1257,1126,2024-03-04,159.62,7.26
1258,1126,2023-09-01,73.72,-8.22
1259,1126,2023-08-21,421.62,3.27
1260,1126,2023-08-06,290.73,-6.87
1261,1127,2024-02-06,328.71,4.92
1262,1127,2024-03-02,96.83,7.04
1263,1127,2024-03-23,201.15,7.19
1264,1127,2024-05-13,60.32,5.39
1265,1127,2024-03-11,58.33,-7.96
1266,1127,2024-05-24,415.57,-4.18
1267,1127,2024-04-10,439.47,-3.86
1268,1127,2023-08-08,395.83,4.94
1269,1127,2024-03-14,329.15,-9.02
1270,1127,2023-11-21,410.76,1.14
1271,1128,2023-12-17,82.58,9.0
1272,1128,2024-06-14,415.76,6.27
1273,1128,2024-06-15,269.65,-9.78
1274,1128,2024-04-20,461.08,-5.39
1275,1128,2023-12-03,380.25,7.39
1276,1128,2023-07-13,119.79,-1.61
1277,1128,2023-09-04,380.21,-9.46
1278,1128,2023-07-16,159.24,9.49
1279,1128,2023-06-28,417.32,-4.59
1280,1128,2024-05-14,499.87,-5.44
1281,1129,2024-05-20,383.84,-2.17
1282,1129,2024-06-14,199.35,3.19
1283,1129,2024-05-21,439.54,1.3
1284,1129,2023-08-04,76.56,-1.29
1285,1129,2023-09-27,420.62,-6.69
1286,1129,2023-10-17,339.99,-6.58
1287,1129,2024-06-04,479.63,2.43
1288,1129,2024-03-11,448.82,5.41
1289,1129,2023-10-18,368.36,-4.12
1290,1129,2023-09-16,380.53,7.32
1291,1130,2023-09-24,470.93,7.18
1292,1130,2024-05-28,400.66,6.5
1293,1130,2023-11-05,119.69,4.66
1294,1130,2024-05-10,80.34,-7.26
1295,1130,2023-11-21,447.19,-8.72
1296,1130,2024-05-20,193.14,-9.78
1297,1130,2024-03-08,57.4,5.3
1298,1130,2023-10-18,380.2,4.98
1299,1130,2024-01-02,101.36,5.69
1300,1130,2024-03-06,126.91,7.78
1301,1131,2024-02-29,488.32,7.2
1302,1131,2023-09-09,371.36,-9.6
1303,1131,2023-10-05,301.76,-0.45
1304,1131,2024-03-18,73.63,-8.52
1305,1131,2024-04-24,460.53,5.58
1306,1131,2023-10-26,63.57,-5.15
1307,1131,2024-01-15,192.95,-7.68
1308,1131,2024-03-20,281.74,-5.54
1309,1131,2023-08-16,358.82,-9.79
1310,1131,2023-08-22,398.09,-6.29
1311,1132,2024-02-17,445.65,-9.05
1312,1132,2023-09-13,309.65,-3.62
1313,1132,2023-07-08,84.07,-1.63
1314,1132,2023-08-03,258.13,-7.67
1315,1132,2024-01-27,438.92,-7.16
1316,1132,2023-11-02,486.77,1.31
1317,1132,2024-05-26,452.03,0.35
1318,1132,2024-01-03,40.62,9.05
1319,1132,2023-06-25,472.13,8.11
1320,1132,2024-05-31,376.79,3.46
1321,1133,2023-09-08,72.91,2.51
1322,1133,2024-06-13,278.09,-7.77
1323,1133,2023-07-14,410.07,5.78
1324,1133,2023-09-16,467.89,-6.4
1325,1133,2024-01-15,51.48,1.85
1326,1133,2023-08-14,113.11,-2.35
1327,1133,2024-04-21,243.86,6.92
1328,1133,2023-11-23,452.87,4.86
1329,1133,2024-02-07,96.73,-6.72
1330,1133,2024-02-23,339.63,5.3
1331,1134,2024-03-23,159.68,-9.07
1332,1134,2024-03-23,480.76,3.96
1333,1134,2023-08-02,365.85,-6.93
1334,1134,2024-05-10,195.76,9.61
1335,1134,2024-02-03,112.05,2.0
1336,1134,2024-02-29,93.4,-1.0
1337,1134,2023-06-26,247.6,-5.51
1338,1134,2023-12-09,81.76,7.9
1339,1134,2024-03-12,438.19,8.52
1340,1134,2023-09-04,27.19,6.98
1341,1135,2023-09-22,93.92,5.59
1342,1135,2023-10-11,331.87,-0.82
1343,1135,2023-09-18,476.96,-0.43
1344,1135,2023-10-02,170.97,6.82
1345,1135,2024-05-13,279.81,-0.83
1346,1135,2023-08-06,446.46,-6.26
1347,1135,2023-12-20,154.53,0.46
1348,1135,2023-11-02,247.04,5.58
1349,1135,2023-11-05,236.79,-9.33
1350,1135,2024-03-14,20.64,5.83
1351,1136,2024-01-23,416.87,9.2
1352,1136,2023-09-29,122.13,0.92
1353,1136,2024-05-28,176.46,3.67
1354,1136,2024-06-10,420.22,-9.24
1355,1136,2023-09-03,129.52,-5.47
1356,1136,2024-06-03,360.67,-5.17
1357,1136,2023-07-16,296.66,1.88
1358,1136,2023-11-05,378.03,3.14
1359,1136,2023-08-06,129.48,2.47
1360,1136,2023-07-05,128.43,-4.72
1361,1137,2023-08-08,335.74,4.43
1362,1137,2024-02-16,82.84,-8.05
1363,1137,2023-12-11,212.51,5.0
1364,1137,2023-10-30,348.38,-5.74
1365,1137,2023-12-23,484.56,8.73
1366,1137,2023-11-18,327.71,-9.69
1367,1137,2023-10-25,276.97,7.85
1368,1137,2023-09-22,343.06,-0.43
1369,1137,2023-07-07,473.51,5.22
1370,1137,2024-01-03,107.31,4.38
1371,1138,2024-05-16,238.42,0.24
1372,1138,2024-06-12,191.71,4.41
1373,1138,2023-09-06,61.47,-8.62
1374,1138,2023-10-13,151.43,-4.8
1375,1138,2024-04-22,452.36,-9.76
1376,1138,2023-10-22,440.89,6.02
1377,1138,2023-10-16,51.52,0.05
1378,1138,2024-01-07,354.86,5.9
1379,1138,2023-10-28,377.01,-0.84
1380,1138,2023-08-25,53.0,-6.11
1381,1139,2024-05-15,315.39,5.48
1382,1139,2024-04-20,397.65,2.65
1383,1139,2023-10-07,488.33,4.55
1384,1139,2024-03-02,448.53,7.39
1385,1139,2023-10-15,85.32,-5.31
1386,1139,2023-08-28,339.09,-8.56
1387,1139,2024-04-20,481.71,-6.11
1388,1139,2024-04-06,336.35,0.63
1389,1139,2024-02-26,142.92,-5.09
1390,1139,2024-05-06,188.37,5.6
1391,1140,2023-12-24,13.8,4.95
1392,1140,2024-05-02,458.88,-6.5
1393,1140,2024-02-16,188.82,-0.17
1394,1140,2023-11-26,337.54,-5.72
1395,1140,2024-01-12,163.44,-7.06
1396,1140,2024-06-17,119.55,-9.24
1397,1140,2023-12-18,55.67,2.89
1398,1140,2024-03-25,65.35,1.93
1399,1140,2023-07-04,492.57,5.66
1400,1140,2024-05-05,278.74,-7.9
1401,1141,2023-10-23,181.38,-3.7
1402,1141,2023-09-06,471.87,1.44
1403,1141,2024-03-16,441.42,-2.28
1404,1141,2024-03-02,109.43,-8.38
1405,1141,2024-01-16,491.49,-3.3
1406,1141,2023-11-20,190.66,5.26
1407,1141,2024-01-16,348.79,-5.92
1408,1141,2023-08-07,128.85,-4.08
1409,1141,2023-12-04,13.25,-9.83
1410,1141,2024-01-20,406.58,1.19
1411,1142,2023-12-29,215.8,-9.37
1412,1142,2024-06-04,386.21,-1.81
1413,1142,2024-03-27,290.26,-1.44
1414,1142,2024-04-18,460.45,0.86
1415,1142,2023-10-20,114.0,1.48
1416,1142,2023-12-10,92.08,-9.23
1417,1142,2023-07-12,101.08,9.4
1418,1142,2023-07-06,33.5,-1.69
1419,1142,2023-07-07,154.47,8.63
1420,1142,2023-06-26,324.79,0.07
1421,1143,2024-05-21,408.19,-3.41
1422,1143,2024-05-19,76.56,-0.56
1423,1143,2024-05-14,127.65,-5.67
1424,1143,2023-11-15,160.86,-8.97
1425,1143,2024-04-17,190.15,-2.29
1426,1143,2023-11-30,191.43,2.98
1427,1143,2023-12-03,297.61,-0.97
1428,1143,2024-04-17,462.2,-2.24
1429,1143,2024-06-22,483.73,3.44
1430,1143,2023-11-14,389.17,-5.39
1431,1144,2024-04-14,207.41,-7.63
1432,1144,2024-01-29,17.88,5.27
1433,1144,2023-09-17,494.86,-1.29
1434,1144,2023-09-16,499.24,-3.61
1435,1144,2023-10-27,213.72,2.14
1436,1144,2023-07-08,22.07,0.71
1437,1144,2024-03-01,320.43,-4.12
1438,1144,2023-08-25,50.09,1.16
1439,1144,2023-11-13,449.69,-7.61
1440,1144,2024-01-20,100.63,-9.93
1441,1145,2024-03-13,396.67,0.97
1442,1145,2023-12-06,51.35,-0.67
1443,1145,2023-12-08,74.93,-6.58
1444,1145,2024-04-01,331.16,-7.79
1445,1145,2024-05-04,269.06,1.56
1446,1145,2023-09-23,360.64,-4.23
1447,1145,2023-09-02,71.38,-9.49
1448,1145,2023-10-01,479.45,5.42
1449,1145,2023-12-07,220.55,-9.52
1450,1145,2024-01-02,314.89,9.34
1451,1146,2024-05-05,131.78,-2.66
1452,1146,2023-09-04,419.92,0.67
1453,1146,2024-02-01,381.35,0.38
1454,1146,2023-12-24,49.12,7.85
1455,1146,2024-05-29,309.94,-9.41
1456,1146,2024-06-04,183.17,9.04
1457,1146,2023-09-10,482.3,-2.06
1458,1146,2023-09-27,244.33,-3.04
1459,1146,2023-12-06,42.11,-3.93
1460,1146,2024-02-01,357.07,-0.18
1461,1147,2023-07-09,127.31,-3.99
1462,1147,2023-08-18,464.91,-9.16
1463,1147,2023-07-31,307.99,-8.68
1464,1147,2024-04-27,494.03,1.86
1465,1147,2024-05-13,432.31,1.01
1466,1147,2024-04-22,122.29,-1.31
1467,1147,2024-06-18,321.17,-3.98
1468,1147,2023-11-09,218.4,0.55
1469,1147,2024-04-19,42.53,-1.67
1470,1147,2024-04-11,119.26,9.14
1471,1148,2023-08-22,74.74,5.45
1472,1148,2023-06-29,223.33,-3.53
1473,1148,2023-10-20,14.03,-2.06
1474,1148,2024-01-07,315.35,-3.61
1475,1148,2024-03-16,225.28,-8.36
1476,1148,2024-04-16,40.67,8.25
1477,1148,2023-08-22,243.63,2.32
1478,1148,2023-09-10,371.92,3.51
1479,1148,2024-01-07,398.7,-9.82
1480,1148,2023-10-20,26.28,-4.92
1481,1149,2023-07-05,337.74,-3.45
1482,1149,2024-03-08,362.87,-9.84
1483,1149,2023-07-21,368.63,-9.71
1484,1149,2023-10-03,251.77,0.37
1485,1149,2023-07-01,262.98,-3.08
1486,1149,2023-08-25,438.28,-3.03
1487,1149,2023-07-20,196.28,8.47
1488,1149,2023-08-15,439.13,1.52
1489,1149,2023-11-10,71.22,-7.68
1490,1149,2023-07-05,443.41,0.86
1491,1150,2023-12-24,130.96,-2.41
1492,1150,2024-01-22,380.42,-7.13
1493,1150,2024-03-12,374.29,3.13
1494,1150,2024-06-03,211.43,-1.2
1495,1150,2023-12-23,119.12,-9.54
1496,1150,2023-11-18,95.26,5.36
1497,1150,2023-07-03,419.03,5.79
1498,1150,2024-02-18,322.08,-9.44
1499,1150,2024-03-03,31.85,-4.54
1500,1150,2023-08-06,173.51,0.94
